{
	"credit": "Made with Blockbench, a free, modern block model editor by JannisX11",
	"textures": {"1": "blocks/planks_oak"},
	"particle": "blocks/planks_oak",
	"elements": [
		{
			"name": "bottom",
			"from": [1, 0, 1],
			"to": [15, 2, 15],
			"shade": true,
			"faces": {
				"north": {
					"uv": [1, 13.999999237060546, 15, 15.999999237060546],
					"texture": "#1"
				},
				"east": {
					"uv": [1, 13.999999237060546, 15, 15.999999237060546],
					"texture": "#1"
				},
				"south": {
					"uv": [1, 13.999999237060546, 15, 15.999999237060546],
					"texture": "#1"
				},
				"west": {
					"uv": [1, 13.999999237060546, 15, 15.999999237060546],
					"texture": "#1"
				},
				"up": {"uv": [1, 1, 15, 15], "texture": "#1"},
				"down": {"uv": [1, 1, 15, 15], "texture": "#1"}
			},
			"rotation": {
				"origin": [9, 8, 9],
				"axis": "y",
				"angle": 0
			}
		},
		{
			"name": "north",
			"from": [1, 2, 1],
			"to": [15, 16, 2],
			"shade": true,
			"faces": {
				"north": {"uv": [1, 0, 15, 14], "texture": "#1"},
				"east": {
					"uv": [14.999999237060546, 0, 15.999999237060546, 14],
					"texture": "#1"
				},
				"south": {"uv": [1, 0, 15, 14], "texture": "#1"},
				"west": {"uv": [0, 0, 1, 14], "texture": "#1"},
				"up": {"uv": [1, 0, 15, 1], "texture": "#1"},
				"down": {"uv": [1, 0, 15, 1], "texture": "#1"}
			}
		},
		{
			"name": "east",
			"from": [14, 2, 2],
			"to": [15, 16, 14],
			"shade": true,
			"faces": {
				"north": {"uv": [2, 0, 3, 14], "texture": "#1"},
				"east": {"uv": [2, 0, 14, 14], "texture": "#1"},
				"south": {"uv": [0, 0, 1, 14], "texture": "#1"},
				"west": {"uv": [2, 0, 14, 14], "texture": "#1"},
				"up": {
					"uv": [14.999999237060546, 2, 15.999999237060546, 14],
					"texture": "#1"
				},
				"down": {"uv": [0, 2, 1, 14], "texture": "#1"}
			}
		},
		{
			"name": "west",
			"from": [1, 2, 2],
			"to": [2, 16, 14],
			"shade": true,
			"faces": {
				"north": {"uv": [2, 0, 3, 14], "texture": "#1"},
				"east": {"uv": [2, 0, 14, 14], "texture": "#1"},
				"south": {"uv": [0, 0, 1, 14], "texture": "#1"},
				"west": {"uv": [2, 0, 14, 14], "texture": "#1"},
				"up": {"uv": [0, 2, 1, 14], "texture": "#1"},
				"down": {
					"uv": [14.999999237060546, 2, 15.999999237060546, 14],
					"texture": "#1"
				}
			}
		},
		{
			"name": "north",
			"from": [1, 2, 14],
			"to": [15, 16, 15],
			"shade": true,
			"faces": {
				"north": {"uv": [1, 0, 15, 14], "texture": "#1"},
				"east": {"uv": [0, 0, 1, 14], "texture": "#1"},
				"south": {"uv": [1, 0, 15, 14], "texture": "#1"},
				"west": {
					"uv": [14.999999237060546, 0, 15.999999237060546, 14],
					"texture": "#1"
				},
				"up": {"uv": [1, 0, 15, 1], "texture": "#1"},
				"down": {"uv": [1, 0, 15, 1], "texture": "#1"}
			}
		}
	],
	"display": {
		"thirdperson_righthand": {
			"translation": [0, 0, -2],
			"scale": [0.8, 0.8, 0.8],
			"rotation": [24, 0, 0]
		},
		"thirdperson_lefthand": {
			"rotation": [24, 0, 0],
			"translation": [0, 0, -2],
			"scale": [0.8, 0.8, 0.8]
		},
		"firstperson_righthand": {
			"rotation": [18, 0, 0],
			"scale": [1, 1, 1],
			"translation": [0, 0, 0]
		},
		"firstperson_lefthand": {
			"rotation": [18, 0, 0],
			"translation": [0, 0, 0],
			"scale": [1, 1, 1]
		},
		"head": {},
		"ground": {"scale": [0.4, 0.4, 0.4]},
		"fixed": {},
		"gui": {
			"translation": [0, 0, 0],
			"rotation": [30, 225, 0],
			"scale": [0.625, 0.625, 0.625]
		}
	}
}