{
	"credit": "Made with Blockbench, a free, modern block model editor by JannisX11",
	"textures": {
		"0": "blocks/skymode4/seared_bricks",
		"particle": "blocks/skymode4/seared_bricks"
	},
	"elements": [
		{
			"name": "bottom",
			"from": [2, 8, 2],
			"to": [14, 10, 14],
			"faces": {
				"up": {"uv": [2, 2, 14, 14], "texture": "#0"},
				"down": {"uv": [2, 2, 14, 14], "texture": "#0"}
			},
			"rotation": {
				"origin": [8, 9, 8],
				"axis": "y",
				"angle": 0
			}
		},
		{
			"name": "north",
			"from": [0, 8, 0],
			"to": [16, 15, 2],
			"faces": {
				"north": {"uv": [0, 1, 16, 8], "texture": "#0"},
				"east": {"uv": [14, 1, 16, 8], "texture": "#0"},
				"south": {"uv": [0, 1, 16, 8], "texture": "#0"},
				"west": {"uv": [0, 1, 2, 8], "texture": "#0"},
				"up": {"uv": [0, 0, 16, 2], "texture": "#0"},
				"down": {"uv": [0, 14, 16, 16], "texture": "#0"}
			},
			"rotation": {
				"origin": [8, 11.5, 1],
				"axis": "y",
				"angle": 0
			}
		},
		{
			"name": "west",
			"from": [0, 8, 2],
			"to": [2, 15, 14],
			"faces": {
				"north": {"uv": [14, 1, 16, 8], "texture": "#0"},
				"east": {"uv": [14, 8, 2, 1], "texture": "#0"},
				"south": {"uv": [0, 1, 2, 8], "texture": "#0"},
				"west": {"uv": [2, 1, 14, 8], "texture": "#0"},
				"up": {"uv": [0, 2, 2, 14], "texture": "#0"},
				"down": {"uv": [0, 2, 2, 14], "texture": "#0"}
			},
			"rotation": {
				"origin": [1, 11.5, 8],
				"axis": "y",
				"angle": 0
			}
		},
		{
			"name": "north",
			"from": [0, 8, 14],
			"to": [16, 15, 16],
			"faces": {
				"north": {"uv": [0, 1, 16, 8], "texture": "#0"},
				"east": {"uv": [0, 1, 2, 8], "texture": "#0"},
				"south": {"uv": [0, 1, 16, 8], "texture": "#0"},
				"west": {"uv": [14, 1, 16, 8], "texture": "#0"},
				"up": {"uv": [0, 14, 16, 16], "texture": "#0"},
				"down": {"uv": [0, 0, 16, 2], "texture": "#0"}
			},
			"rotation": {
				"origin": [8, 11.5, 15],
				"axis": "y",
				"angle": 0
			}
		},
		{
			"name": "east",
			"from": [14, 8, 2],
			"to": [16, 15, 14],
			"faces": {
				"north": {"uv": [2, 1, 14, 8], "texture": "#0"},
				"east": {"uv": [2, 1, 14, 8], "texture": "#0"},
				"south": {"uv": [2, 1, 14, 8], "texture": "#0"},
				"west": {"uv": [2, 1, 14, 8], "texture": "#0"},
				"up": {"uv": [14, 2, 16, 14], "texture": "#0"},
				"down": {"uv": [14, 2, 16, 14], "texture": "#0"}
			},
			"rotation": {
				"origin": [15, 11.5, 8],
				"axis": "y",
				"angle": 0
			}
		},
		{
			"name": "cube",
			"from": [0, 0, 0],
			"to": [2, 8, 2],
			"faces": {
				"north": {"uv": [14, 8, 16, 16], "texture": "#0"},
				"east": {"uv": [14, 8, 16, 16], "texture": "#0"},
				"south": {"uv": [0, 8, 2, 16], "texture": "#0"},
				"west": {"uv": [0, 8, 2, 16], "texture": "#0"},
				"up": {"uv": [0, 0, 2, 2], "texture": "#0"},
				"down": {"uv": [0, 14, 2, 16], "texture": "#0"}
			},
			"rotation": {
				"origin": [1, 4, 1],
				"axis": "y",
				"angle": 0
			}
		},
		{
			"name": "cube",
			"from": [14, 0, 0],
			"to": [16, 8, 2],
			"faces": {
				"north": {"uv": [0, 8, 2, 16], "texture": "#0"},
				"east": {"uv": [14, 8, 16, 16], "texture": "#0"},
				"south": {"uv": [14, 8, 16, 16], "texture": "#0"},
				"west": {"uv": [0, 8, 2, 16], "texture": "#0"},
				"up": {"uv": [14, 0, 16, 2], "texture": "#0"},
				"down": {"uv": [14, 14, 16, 16], "texture": "#0"}
			},
			"rotation": {
				"origin": [15, 4, 1],
				"axis": "y",
				"angle": 0
			}
		},
		{
			"name": "cube",
			"from": [14, 0, 14],
			"to": [16, 8, 16],
			"faces": {
				"north": {"uv": [0, 8, 2, 16], "texture": "#0"},
				"east": {"uv": [0, 8, 2, 16], "texture": "#0"},
				"south": {"uv": [14, 8, 16, 16], "texture": "#0"},
				"west": {"uv": [14, 8, 16, 16], "texture": "#0"},
				"up": {"uv": [14, 14, 16, 16], "texture": "#0"},
				"down": {"uv": [14, 0, 16, 2], "texture": "#0"}
			},
			"rotation": {
				"origin": [15, 4, 15],
				"axis": "y",
				"angle": 0
			}
		},
		{
			"name": "cube",
			"from": [0, 0, 14],
			"to": [2, 8, 16],
			"faces": {
				"north": {"uv": [14, 8, 16, 16], "texture": "#0"},
				"east": {"uv": [0, 8, 2, 16], "texture": "#0"},
				"south": {"uv": [0, 8, 2, 16], "texture": "#0"},
				"west": {"uv": [14, 8, 16, 16], "texture": "#0"},
				"up": {"uv": [0, 14, 2, 16], "texture": "#0"},
				"down": {"uv": [0, 0, 2, 2], "texture": "#0"}
			},
			"rotation": {
				"origin": [1, 4, 15],
				"axis": "y",
				"angle": 0
			}
		}
	],
	"groups": [0, 1, 2, 3, 4, 5, 6, 7, 8],
	"display": {
		"thirdperson_righthand": {
			"translation": [0, 2.5, 0],
			"scale": [0.375, 0.375, 0.375],
			"rotation": [75, 45, 0]
		},
		"thirdperson_lefthand": {
			"rotation": [75, 45, 0],
			"translation": [0, 2.5, 0],
			"scale": [0.375, 0.375, 0.375]
		},
		"firstperson_righthand": {
			"rotation": [0, 45, 0],
			"scale": [0.4, 0.4, 0.4],
			"translation": [0, 0, 0]
		},
		"firstperson_lefthand": {
			"rotation": [0, 225, 0],
			"translation": [0, 0, 0],
			"scale": [0.4, 0.4, 0.4]
		},
		"head": {
			"scale": [1.6, 1.6, 1.6],
			"translation": [0, -43.2, 0]
		},
		"ground": {
			"scale": [0.25, 0.25, 0.25],
			"rotation": [0, 0, 0],
			"translation": [0, 3, 0]
		},
		"fixed": {
			"scale": [0.5, 0.5, 0.5],
			"rotation": [0, 0, 0],
			"translation": [0, 0, 0]
		},
		"gui": {
			"translation": [0, 0, 0],
			"rotation": [30, 225, 0],
			"scale": [0.625, 0.625, 0.625]
		}
	}
}