{
	"credit": "Made with Blockbench, a free, modern block model editor by JannisX11",
	"textures": {
		"0": "blocks/anvil_base",
		"1": "blocks/skymode4/anvil_large",
		"particle": "blocks/anvil_base"
	},
	"elements": [
		{
			"name": "cube",
			"from": [0, 0, 0],
			"to": [16, 2, 16],
			"faces": {
				"north": {"uv": [0, 14, 16, 16], "texture": "#0"},
				"east": {"uv": [16, 16, 0, 14], "texture": "#0"},
				"south": {"uv": [0, 14, 16, 16], "texture": "#0"},
				"west": {"uv": [0, 14, 16, 16], "texture": "#0"},
				"up": {"uv": [0, 0, 16, 16], "texture": "#0"},
				"down": {"uv": [0, 0, 16, 16], "texture": "#0"}
			}
		},
		{
			"name": "cube",
			"from": [-1, 0, -1],
			"to": [2, 9, 2],
			"faces": {
				"north": {"uv": [13, 7, 16, 16], "texture": "#0"},
				"east": {"uv": [13, 7, 16, 16], "texture": "#0"},
				"south": {"uv": [0, 7, 3, 16], "texture": "#0"},
				"west": {"uv": [0, 7, 3, 16], "texture": "#0"},
				"up": {"uv": [6, 8, 9, 11], "texture": "#0"},
				"down": {"uv": [6, 7, 9, 10], "texture": "#0"}
			}
		},
		{
			"name": "cube",
			"from": [-1, 0, 14],
			"to": [2, 9, 17],
			"faces": {
				"north": {"uv": [13, 7, 16, 16], "texture": "#0"},
				"east": {"uv": [13, 7, 16, 16], "texture": "#0"},
				"south": {"uv": [0, 7, 3, 16], "texture": "#0"},
				"west": {"uv": [0, 7, 3, 16], "texture": "#0"},
				"up": {"uv": [6, 8, 9, 11], "texture": "#0"},
				"down": {"uv": [6, 7, 9, 10], "texture": "#0"}
			}
		},
		{
			"name": "cube",
			"from": [14, 0, 14],
			"to": [17, 9, 17],
			"faces": {
				"north": {"uv": [13, 7, 16, 16], "texture": "#0"},
				"east": {"uv": [13, 7, 16, 16], "texture": "#0"},
				"south": {"uv": [0, 7, 3, 16], "texture": "#0"},
				"west": {"uv": [0, 7, 3, 16], "texture": "#0"},
				"up": {"uv": [6, 8, 9, 11], "texture": "#0"},
				"down": {"uv": [6, 7, 9, 10], "texture": "#0"}
			}
		},
		{
			"name": "cube",
			"from": [14, 0, -1],
			"to": [17, 9, 2],
			"faces": {
				"north": {"uv": [13, 7, 16, 16], "texture": "#0"},
				"east": {"uv": [13, 7, 16, 16], "texture": "#0"},
				"south": {"uv": [0, 7, 3, 16], "texture": "#0"},
				"west": {"uv": [0, 7, 3, 16], "texture": "#0"},
				"up": {"uv": [6, 8, 9, 11], "texture": "#0"},
				"down": {"uv": [6, 7, 9, 10], "texture": "#0"}
			}
		},
		{
			"name": "cube",
			"from": [-2, 9, -2],
			"to": [18, 12, 18],
			"faces": {
				"north": {"uv": [0, 0, 16, 3], "texture": "#1"},
				"east": {"uv": [0, 0, 16, 3], "texture": "#1"},
				"south": {"uv": [0, 0, 16, 3], "texture": "#1"},
				"west": {"uv": [0, 0, 16, 3], "texture": "#1"},
				"up": {"uv": [0, 0, 16, 16], "texture": "#1"},
				"down": {"uv": [0, 0, 16, 16], "texture": "#1"}
			}
		}
	],
	"groups": [0, 1, 2, 3, 4, 5],
	"display": {
		"thirdperson_righthand": {
			"scale": [0.375, 0.375, 0.375],
			"rotation": [75, 45, 0],
			"translation": [0, 2.5, 0]
		},
		"head": {"scale": [1, 1, 1]},
		"ground": {
			"scale": [0.25, 0.25, 0.25],
			"rotation": [0, 0, 0],
			"translation": [0, 3, 0]
		},
		"fixed": {
			"scale": [0.5, 0.5, 0.5],
			"rotation": [0, 0, 0],
			"translation": [0, 0, 0]
		},
		"gui": {
			"scale": [0.5, 0.5, 0.5],
			"rotation": [30, 225, 0],
			"translation": [0, 0, 0]
		},
		"firstperson_lefthand": {
			"scale": [0.4, 0.4, 0.4],
			"rotation": [0, 225, 0],
			"translation": [0, 0, 0]
		},
		"firstperson_righthand": {
			"scale": [0.4, 0.4, 0.4],
			"rotation": [0, 45, 0],
			"translation": [0, 0, 0]
		},
		"thirdperson_lefthand": {
			"scale": [0.375, 0.375, 0.375],
			"rotation": [75, 45, 0],
			"translation": [0, 2.5, 0]
		}
	}
}