{
	"credit": "Made with Blockbench, a free, modern block model editor by JannisX11",
	"textures": {
		"0": "blocks/obsidian",
		"particle": "blocks/obsidian"
	},
	"elements": [
		{
			"name": "bottom",
			"from": [1, 0, 1],
			"to": [15, 2, 15],
			"faces": {
				"north": {
					"uv": [
						1,
						13.999999237060546,
						15,
						15.999999237060546
					],
					"texture": "#0"
				},
				"east": {
					"uv": [
						1,
						13.999999237060546,
						15,
						15.999999237060546
					],
					"texture": "#0"
				},
				"south": {
					"uv": [
						1,
						13.999999237060546,
						15,
						15.999999237060546
					],
					"texture": "#0"
				},
				"west": {
					"uv": [
						1,
						13.999999237060546,
						15,
						15.999999237060546
					],
					"texture": "#0"
				},
				"up": {"uv": [1, 1, 15, 15], "texture": "#0"},
				"down": {"uv": [1, 1, 15, 15], "texture": "#0"}
			},
			"rotation": {
				"origin": [9, 8, 9],
				"axis": "y",
				"angle": 0
			}
		},
		{
			"name": "north",
			"from": [1, 2, 1],
			"to": [15, 15, 2],
			"faces": {
				"north": {"uv": [1, 1, 15, 14], "texture": "#0"},
				"east": {
					"uv": [
						14.999375915527343,
						1,
						15.999375915527343,
						14
					],
					"texture": "#0"
				},
				"south": {"uv": [1, 1, 15, 14], "texture": "#0"},
				"west": {"uv": [0, 1, 1, 14], "texture": "#0"},
				"up": {"uv": [1, 1, 15, 2], "texture": "#0"},
				"down": {"uv": [1, 0, 15, 1], "texture": "#1"}
			}
		},
		{
			"name": "east",
			"from": [14, 2, 2],
			"to": [15, 15, 14],
			"faces": {
				"east": {"uv": [2, 1, 14, 14], "texture": "#0"},
				"west": {"uv": [2, 1, 14, 14], "texture": "#0"},
				"up": {"uv": [14, 2, 15, 14], "texture": "#0"},
				"down": {"uv": [0, 2, 1, 14], "texture": "#1"}
			}
		},
		{
			"name": "west",
			"from": [1, 2, 2],
			"to": [2, 15, 14],
			"faces": {
				"east": {"uv": [2, 1, 14, 14], "texture": "#0"},
				"west": {"uv": [2, 1, 14, 14], "texture": "#0"},
				"up": {"uv": [1, 2, 2, 14], "texture": "#0"},
				"down": {"uv": [0, 0, 1, 12], "texture": "#1"}
			}
		},
		{
			"name": "north",
			"from": [1, 2, 14],
			"to": [15, 15, 15],
			"faces": {
				"north": {"uv": [1, 1, 15, 14], "texture": "#0"},
				"east": {"uv": [0, 1, 1, 14], "texture": "#0"},
				"south": {"uv": [1, 1, 15, 14], "texture": "#0"},
				"west": {"uv": [15, 1, 16, 14], "texture": "#0"},
				"up": {"uv": [1, 14, 15, 15], "texture": "#0"},
				"down": {"uv": [0, 0, 14, 1], "texture": "#0"}
			}
		},
		{
			"name": "cube",
			"from": [15, 3, 6],
			"to": [19, 6, 7],
			"faces": {
				"north": {"uv": [10, 6, 14, 9], "texture": "#0"},
				"east": {"uv": [6, 9, 7, 12], "texture": "#0"},
				"south": {"uv": [4, 8, 8, 11], "texture": "#0"},
				"west": {"uv": [0, 0, 1, 3], "texture": "#0"},
				"up": {"uv": [9, 12, 13, 13], "texture": "#0"},
				"down": {"uv": [0, 0, 1, 3], "texture": "#0"}
			}
		},
		{
			"name": "cube",
			"from": [15, 3, 9],
			"to": [19, 6, 10],
			"faces": {
				"north": {"uv": [7, 5, 11, 8], "texture": "#0"},
				"east": {"uv": [2, 4, 3, 7], "texture": "#0"},
				"south": {"uv": [6, 13, 10, 16], "texture": "#0"},
				"up": {"uv": [11, 8, 15, 9], "texture": "#0"},
				"down": {"uv": [0, 0, 1, 3], "texture": "#0"}
			}
		},
		{
			"name": "cube",
			"from": [15, 3, 7],
			"to": [19, 4, 9],
			"faces": {
				"east": {"uv": [2, 12, 4, 13], "texture": "#0"},
				"up": {"uv": [5, 7, 9, 9], "texture": "#0"},
				"down": {"uv": [6, 2, 10, 4], "texture": "#0"}
			}
		},
		{
			"name": "cube",
			"from": [15, 6, 6],
			"to": [17, 7, 10],
			"faces": {
				"north": {"uv": [0, 0, 4, 1], "texture": "#0"},
				"east": {"uv": [10, 4, 14, 5], "texture": "#0"},
				"south": {"uv": [0, 0, 4, 1], "texture": "#0"},
				"up": {"uv": [6, 6, 8, 10], "texture": "#0"},
				"down": {"uv": [0, 0, 4, 1], "texture": "#0"}
			}
		}
	],
	"groups": [0, 1, 2, 3, 4, 6, 8, 7, 5],
	"display": {
		"thirdperson_righthand": {
			"translation": [0, 2.5, 0],
			"scale": [0.375, 0.375, 0.375],
			"rotation": [75, 45, 0]
		},
		"thirdperson_lefthand": {
			"rotation": [75, 45, 0],
			"translation": [0, 2.5, 0],
			"scale": [0.375, 0.375, 0.375]
		},
		"firstperson_righthand": {
			"rotation": [0, 45, 0],
			"scale": [0.4, 0.4, 0.4],
			"translation": [0, 0, 0]
		},
		"firstperson_lefthand": {
			"rotation": [0, 225, 0],
			"translation": [0, 0, 0],
			"scale": [0.4, 0.4, 0.4]
		},
		"head": {
			"scale": [1.6, 1.6, 1.6],
			"translation": [0, -43.2, 0]
		},
		"ground": {
			"scale": [0.25, 0.25, 0.25],
			"rotation": [0, 0, 0],
			"translation": [0, 3, 0]
		},
		"fixed": {
			"scale": [0.5, 0.5, 0.5],
			"rotation": [0, 0, 0],
			"translation": [0, 0, 0]
		},
		"gui": {
			"translation": [0, 0, 0],
			"rotation": [30, 225, 0],
			"scale": [0.625, 0.625, 0.625]
		}
	}
}