﻿{
	"credit": "Made with Blockbench, a free, modern block model editor by JannisX11",
	"textures": {"0": "blocks/stone"},
	"elements": [
		{
			"name": "cube",
			"from": [0, 0, 0],
			"to": [16, 1, 16],
			"shade": true,
			"faces": {
				"north": {
					"uv": [
						0,
						14.999999237060546,
						16,
						15.999999237060546
					],
					"texture": "#0"
				},
				"east": {
					"uv": [
						0,
						9.999999237060546,
						16,
						10.999999237060546
					],
					"texture": "#0"
				},
				"south": {
					"uv": [
						0,
						9.999999237060546,
						16,
						10.999999237060546
					],
					"texture": "#0"
				},
				"west": {"uv": [0, 1, 16, 2], "texture": "#0"},
				"up": {"uv": [0, 0, 16, 16], "texture": "#0"},
				"down": {"uv": [0, 0, 16, 16], "texture": "#0"}
			}
		},
		{
			"name": "cube",
			"from": [1, 1, 1],
			"to": [15, 2, 15],
			"shade": true,
			"faces": {
				"north": {
					"uv": [
						0,
						8.999999237060546,
						14,
						9.999999237060546
					],
					"texture": "#0"
				},
				"east": {
					"uv": [
						0,
						10.999999237060546,
						14,
						11.999999237060546
					],
					"texture": "#0"
				},
				"south": {
					"uv": [
						1,
						13.999999237060546,
						15,
						14.999999237060546
					],
					"texture": "#0"
				},
				"west": {
					"uv": [
						2,
						8.999999237060546,
						16,
						9.999999237060546
					],
					"texture": "#0"
				},
				"up": {"uv": [1, 1, 15, 15], "texture": "#0"}
			},
			"rotation": {
				"origin": [9, 9, 9],
				"axis": "x",
				"angle": 0
			}
		},
		{
			"name": "cube",
			"from": [2, 2, 2],
			"to": [14, 3, 14],
			"shade": true,
			"faces": {
				"north": {
					"uv": [
						2,
						12.999999237060546,
						14,
						13.999999237060546
					],
					"texture": "#0"
				},
				"east": {
					"uv": [
						0,
						10.999999237060546,
						12,
						11.999999237060546
					],
					"texture": "#0"
				},
				"south": {
					"uv": [
						2,
						9.999999237060546,
						14,
						10.999999237060546
					],
					"texture": "#0"
				},
				"west": {
					"uv": [
						4,
						9.999999237060546,
						16,
						10.999999237060546
					],
					"texture": "#0"
				},
				"up": {"uv": [2, 2, 14, 14], "texture": "#0"}
			},
			"rotation": {
				"origin": [10, 10, 10],
				"axis": "x",
				"angle": 0
			}
		},
		{
			"name": "cube",
			"from": [3, 3, 3],
			"to": [13, 4, 13],
			"shade": true,
			"faces": {
				"north": {
					"uv": [
						3,
						11.999999237060546,
						13,
						12.999999237060546
					],
					"texture": "#0"
				},
				"east": {
					"uv": [
						3,
						11.999999237060546,
						13,
						12.999999237060546
					],
					"texture": "#0"
				},
				"south": {
					"uv": [
						3,
						11.999999237060546,
						13,
						12.999999237060546
					],
					"texture": "#0"
				},
				"west": {
					"uv": [
						3,
						11.999999237060546,
						13,
						12.999999237060546
					],
					"texture": "#0"
				},
				"up": {"uv": [3, 3, 13, 13], "texture": "#0"}
			},
			"rotation": {
				"origin": [11, 11, 11],
				"axis": "x",
				"angle": 0
			}
		},
		{
			"name": "cube",
			"from": [4, 4, 4],
			"to": [12, 6, 12],
			"shade": true,
			"faces": {
				"north": {"uv": [6, 5, 14, 7], "texture": "#0"},
				"east": {
					"uv": [
						3,
						12.999999237060546,
						11,
						14.999999237060546
					],
					"texture": "#0"
				},
				"south": {
					"uv": [1, 7.999999237060547, 9, 9.999999237060546],
					"texture": "#0"
				},
				"west": {
					"uv": [
						8,
						11.999999237060546,
						16,
						13.999999237060546
					],
					"texture": "#0"
				},
				"up": {"uv": [4, 4, 12, 12], "texture": "#0"}
			},
			"rotation": {
				"origin": [12, 12, 12],
				"axis": "x",
				"angle": 0
			}
		},
		{
			"name": "cube",
			"from": [5, 6, 5],
			"to": [11, 8, 11],
			"shade": true,
			"faces": {
				"north": {
					"uv": [
						5,
						8.999999237060546,
						11,
						10.999999237060546
					],
					"texture": "#0"
				},
				"east": {
					"uv": [
						7,
						8.999999237060546,
						13,
						10.999999237060546
					],
					"texture": "#0"
				},
				"south": {
					"uv": [
						8,
						10.999999237060546,
						14,
						12.999999237060546
					],
					"texture": "#0"
				},
				"west": {
					"uv": [
						10,
						8.999999237060546,
						16,
						10.999999237060546
					],
					"texture": "#0"
				},
				"up": {"uv": [5, 5, 11, 11], "texture": "#0"}
			},
			"rotation": {
				"origin": [13, 14, 13],
				"axis": "x",
				"angle": 0
			}
		},
		{
			"name": "cube",
			"from": [6, 8, 6],
			"to": [10, 10, 10],
			"shade": true,
			"faces": {
				"north": {
					"uv": [
						2,
						10.999999237060546,
						6,
						12.999999237060546
					],
					"texture": "#0"
				},
				"east": {"uv": [8, 6, 12, 8], "texture": "#0"},
				"south": {
					"uv": [
						8,
						11.999999237060546,
						12,
						13.999999237060546
					],
					"texture": "#0"
				},
				"west": {"uv": [3, 6, 7, 8], "texture": "#0"},
				"up": {"uv": [6, 6, 10, 10], "texture": "#0"}
			},
			"rotation": {
				"origin": [14, 16, 14],
				"axis": "x",
				"angle": 0
			}
		},
		{
			"name": "cube",
			"from": [7, 10, 7],
			"to": [9, 13, 9],
			"shade": true,
			"faces": {
				"north": {
					"uv": [
						2,
						9.999999237060546,
						4,
						12.999999237060546
					],
					"texture": "#0"
				},
				"east": {"uv": [11, 4, 13, 7], "texture": "#0"},
				"south": {"uv": [9, 3, 11, 6], "texture": "#0"},
				"west": {"uv": [2, 4, 4, 7], "texture": "#0"},
				"up": {
					"uv": [
						7,
						8.999999237060546,
						9,
						10.999999237060546
					],
					"texture": "#0"
				}
			},
			"rotation": {
				"origin": [15, 18, 15],
				"axis": "x",
				"angle": 0
			}
		}
	],
	"display": {
		"thirdperson_righthand": {
			"scale": [0.375, 0.375, 0.375],
			"rotation": [75, 45, 0],
			"translation": [0, 2.5, 0]
		},
		"thirdperson_lefthand": {
			"scale": [0.375, 0.375, 0.375],
			"rotation": [75, 45, 0],
			"translation": [0, 2.5, 0]
		},
		"firstperson_righthand": {
			"rotation": [0, -90, 25],
			"translation": [1.13, 3.2, 0],
			"scale": [0.68, 0.68, 0.68]
		},
		"firstperson_lefthand": {
			"scale": [0.68, 0.68, 0.68],
			"rotation": [0, 90, -25],
			"translation": [1.13, 3.2, 0]
		},
		"head": {
			"scale": [1, 1, 1],
			"translation": [0, 13.5, 0]
		},
		"ground": {
			"scale": [0.25, 0.25, 0.25],
			"rotation": [0, 0, 0],
			"translation": [0, 3, 0]
		},
		"fixed": {"scale": [1, 1, 1]},
		"gui": {
			"scale": [0.625, 0.625, 0.625],
			"rotation": [30, 225, 0],
			"translation": [0, 0, 0]
		}
	}
}