{
    "__comment": "Model generated using MrCrayfish's Model Creator (http://mrcrayfish.com/modelcreator/)",
    "textures": {
        "0": "minecart/minecart",
        "top": "blocks/hopper_top",
        "side": "blocks/hopper_outside",
        "inside": "blocks/hopper_inside"
    },
    "elements": [
		{   "from": [ 0, 8, 0 ],
            "to": [ 16, 9, 16 ],
            "faces": {
                "down":  { "texture": "#side" },
                "up":    { "texture": "#inside" },
                "north": { "texture": "#side" },
                "south": { "texture": "#side" },
                "west":  { "texture": "#side" },
                "east":  { "texture": "#side" }
            }
        },
        {   "from": [ 0, 9, 0 ],
            "to": [ 2, 14, 16 ],
            "faces": {
                "down":  { "texture": "#side" },
                "up":    { "texture": "#top" },
                "north": { "texture": "#side" },
                "south": { "texture": "#side" },
                "west":  { "texture": "#side" },
                "east":  { "texture": "#side" }
            }
        },
        {   "from": [ 14, 9, 0 ],
            "to": [ 16, 14, 16 ],
            "faces": {
                "down":  { "texture": "#side" },
                "up":    { "texture": "#top" },
                "north": { "texture": "#side" },
                "south": { "texture": "#side" },
                "west":  { "texture": "#side" },
                "east":  { "texture": "#side" }
            }
        },
        {   "from": [ 2, 9, 0 ],
            "to": [ 14, 14, 2 ],
            "faces": {
                "down":  { "texture": "#side" },
                "up":    { "texture": "#top" },
                "north": { "texture": "#side" },
                "south": { "texture": "#side" },
                "west":  { "texture": "#side" },
                "east":  { "texture": "#side" }
            }
        },
        {   "from": [ 2, 9, 14 ],
            "to": [ 14, 14, 16 ],
            "faces": {
                "down":  { "texture": "#side" },
                "up":    { "texture": "#top" },
                "north": { "texture": "#side" },
                "south": { "texture": "#side" },
                "west":  { "texture": "#side" },
                "east":  { "texture": "#side" }
            }
        },
        {   "from": [ 4, 2, 4 ],
            "to": [ 12, 8, 12 ],
            "faces": {
                "down":  { "texture": "#side" },
                "up":    { "texture": "#side" },
                "north": { "texture": "#side" },
                "south": { "texture": "#side" },
                "west":  { "texture": "#side" },
                "east":  { "texture": "#side" }
            }
        },
        {   "from": [ 6, -2, 6 ],
            "to": [ 10, 2, 10 ],
            "faces": {
                "down":  { "texture": "#side" },
                "up":    { "texture": "#side" },
                "north": { "texture": "#side" },
                "south": { "texture": "#side" },
                "west":  { "texture": "#side" },
                "east":  { "texture": "#side" }
            }
        },
        {
            "name": "Cube",
            "from": [ -2.4, -2.4, -5.0 ], 
            "to": [ 18.4, 0.2, 21.0 ], 
            "faces": {
                "north": { "texture": "#0", "uv": [ 5.5, 6.0, 6.0, 14.0 ], "rotation": 90 },
                "east": { "texture": "#0", "uv": [ 0.5, 5.0, 5.5, 6.0 ] },
                "south": { "texture": "#0", "uv": [ 0.0, 6.0, 0.5, 14.0 ], "rotation": 90 },
                "west": { "texture": "#0", "uv": [ 5.5, 5.0, 10.5, 6.0 ] },
                "up": { "texture": "#0", "uv": [ 6.0, 6.0, 11.0, 14.0 ], "rotation": 90 },
                "down": { "texture": "#0", "uv": [ 5.5, 6.0, 0.5, 14.0 ], "rotation": 90 }
            }
        },
        {
            "name": "Cube",
            "from": [ -2.4, 0.2, -5.0 ], 
            "to": [ 18.4, 10.6, -2.4 ], 
            "faces": {
                "north": { "texture": "#0", "uv": [ 5.0, 1.0, 9.0, 5.0 ] },
                "east": { "texture": "#0", "uv": [ 4.5, 1.0, 5.0, 5.0 ] },
                "south": { "texture": "#0", "uv": [ 0.5, 1.0, 4.5, 5.0 ] },
                "west": { "texture": "#0", "uv": [ 0.0, 1.0, 0.5, 5.0 ] },
                "up": { "texture": "#0", "uv": [ 0.5, 0.0, 4.5, 1.0 ] },
                "down": { "texture": "#0", "uv": [ 0.5, 0.0, 4.5, 1.0 ] }
            }
        },
        {
            "name": "Cube",
            "from": [ -2.4, 0.2, 18.4 ], 
            "to": [ 18.4, 10.6, 21.0 ], 
            "faces": {
                "north": { "texture": "#0", "uv": [ 0.5, 1.0, 4.5, 5.0 ] },
                "east": { "texture": "#0", "uv": [ 0.0, 1.0, 0.5, 5.0 ] },
                "south": { "texture": "#0", "uv": [ 5.0, 1.0, 9.0, 5.0 ] },
                "west": { "texture": "#0", "uv": [ 4.5, 1.0, 5.0, 5.0 ] },
                "up": { "texture": "#0", "uv": [ 0.5, 1.0, 4.5, 0.0 ] },
                "down": { "texture": "#0", "uv": [ 0.5, 0.0, 4.5, 1.0 ] }
            }
        },
        {
            "name": "Cube",
            "from": [ -2.4, 0.2, -2.4 ], 
            "to": [ 0.2, 10.6, 18.4 ], 
            "faces": {
                "north": { "texture": "#-1", "uv": [ 0.0, 0.0, 2.0, 8.0 ] },
                "east": { "texture": "#0", "uv": [ 0.5, 1.0, 4.5, 5.0 ] },
                "south": { "texture": "#-1", "uv": [ 0.0, 0.0, 2.0, 8.0 ] },
                "west": { "texture": "#0", "uv": [ 5.0, 1.0, 9.0, 5.0 ] },
                "up": { "texture": "#0", "uv": [ 0.5, 0.0, 4.5, 1.0 ], "rotation": 270 },
                "down": { "texture": "#-1", "uv": [ 0.0, 0.0, 2.0, 16.0 ] }
            }
        },
        {
            "name": "Cube",
            "from": [ 15.8, 0.2, -2.4 ], 
            "to": [ 18.4, 10.6, 18.4 ], 
            "faces": {
                "north": { "texture": "#-1", "uv": [ 0.0, 0.0, 2.0, 8.0 ] },
                "east": { "texture": "#0", "uv": [ 5.0, 1.0, 9.0, 5.0 ] },
                "south": { "texture": "#-1", "uv": [ 0.0, 0.0, 2.0, 8.0 ] },
                "west": { "texture": "#0", "uv": [ 0.5, 1.0, 4.5, 5.0 ] },
                "up": { "texture": "#0", "uv": [ 0.5, 0.0, 4.5, 1.0 ], "rotation": 90 },
                "down": { "texture": "#-1", "uv": [ 0.0, 0.0, 2.0, 16.0 ] }
            }
        }
    ]
}