{
	"pools":[
		{
			"rolls":1,
			"entries":[
				{
					"type":"item",
					"name":"minecraft:stick",
					"weight":1,
					"functions":[
                        {
                            "function":"minecraft:set_nbt",
                            "tag":"{twerkRandom1:1b}"
                        }
                    ]
				},
				{
					"type":"item",
					"name":"minecraft:stick",
					"weight":1,
					"functions":[
                        {
                            "function":"minecraft:set_nbt",
                            "tag":"{twerkRandom2:1b}"
                        }
                    ]
				},
				{
					"type":"item",
					"name":"minecraft:stick",
					"weight":1,
					"functions":[
                        {
                            "function":"minecraft:set_nbt",
                            "tag":"{twerkRandom3:1b}"
                        }
                    ]
				},
				{
					"type":"item",
					"name":"minecraft:stick",
					"weight":1,
					"functions":[
                        {
                            "function":"minecraft:set_nbt",
                            "tag":"{twerkRandom4:1b}"
                        }
                    ]
				}
			]
		}
	]
}
