{
	"credit": "Made with Blockbench, a free, modern block model editor by JannisX11",
	"elements": [
		{
			"name": "cube",
			"from": [2, 1, 2],
			"to": [14, 3, 4],
			"faces": {
				"north": {
					"uv": [0, 0, 12, 2],
					"texture": "#missing"
				},
				"east": {"uv": [0, 0, 2, 2], "texture": "#missing"},
				"south": {
					"uv": [0, 0, 12, 2],
					"texture": "#missing"
				},
				"west": {"uv": [0, 0, 2, 2], "texture": "#missing"},
				"up": {"uv": [0, 0, 12, 2], "texture": "#missing"},
				"down": {"uv": [0, 0, 12, 2], "texture": "#missing"}
			},
			"type": "cube"
		},
		{
			"name": "cube",
			"from": [2, 1, 13],
			"to": [14, 3, 14],
			"faces": {
				"north": {
					"uv": [0, 0, 12, 2],
					"texture": "#missing"
				},
				"east": {"uv": [0, 0, 1, 2], "texture": "#missing"},
				"south": {
					"uv": [0, 0, 12, 2],
					"texture": "#missing"
				},
				"west": {"uv": [0, 0, 1, 2], "texture": "#missing"},
				"up": {"uv": [0, 0, 12, 1], "texture": "#missing"},
				"down": {"uv": [0, 0, 12, 1], "texture": "#missing"}
			},
			"type": "cube"
		},
		{
			"name": "cube",
			"from": [2, 1, 4],
			"to": [3, 3, 13],
			"faces": {
				"north": {
					"uv": [0, 0, 1, 2],
					"texture": "#missing"
				},
				"east": {"uv": [0, 0, 9, 2], "texture": "#missing"},
				"south": {
					"uv": [0, 0, 1, 2],
					"texture": "#missing"
				},
				"west": {"uv": [0, 0, 9, 2], "texture": "#missing"},
				"up": {"uv": [0, 0, 1, 9], "texture": "#missing"},
				"down": {"uv": [0, 0, 1, 9], "texture": "#missing"}
			},
			"type": "cube"
		},
		{
			"name": "cube",
			"from": [3, 1, 8],
			"to": [4, 3, 13],
			"faces": {
				"north": {
					"uv": [0, 0, 1, 2],
					"texture": "#missing"
				},
				"east": {"uv": [0, 0, 5, 2], "texture": "#missing"},
				"south": {
					"uv": [0, 0, 1, 2],
					"texture": "#missing"
				},
				"west": {"uv": [0, 0, 5, 2], "texture": "#missing"},
				"up": {"uv": [0, 0, 1, 5], "texture": "#missing"},
				"down": {"uv": [0, 0, 1, 5], "texture": "#missing"}
			},
			"type": "cube"
		},
		{
			"name": "cube",
			"from": [4, 1, 12],
			"to": [8, 3, 13],
			"faces": {
				"north": {
					"uv": [0, 0, 4, 2],
					"texture": "#missing"
				},
				"east": {"uv": [0, 0, 1, 2], "texture": "#missing"},
				"south": {
					"uv": [0, 0, 4, 2],
					"texture": "#missing"
				},
				"west": {"uv": [0, 0, 1, 2], "texture": "#missing"},
				"up": {"uv": [0, 0, 4, 1], "texture": "#missing"},
				"down": {"uv": [0, 0, 4, 1], "texture": "#missing"}
			},
			"type": "cube"
		},
		{
			"name": "cube",
			"from": [4, 1, 10],
			"to": [5, 3, 12],
			"faces": {
				"north": {
					"uv": [0, 0, 1, 2],
					"texture": "#missing"
				},
				"east": {"uv": [0, 0, 2, 2], "texture": "#missing"},
				"south": {
					"uv": [0, 0, 1, 2],
					"texture": "#missing"
				},
				"west": {"uv": [0, 0, 2, 2], "texture": "#missing"},
				"up": {"uv": [0, 0, 1, 2], "texture": "#missing"},
				"down": {"uv": [0, 0, 1, 2], "texture": "#missing"}
			},
			"type": "cube"
		},
		{
			"name": "cube",
			"from": [5, 1, 11],
			"to": [6, 3, 12],
			"faces": {
				"north": {
					"uv": [0, 0, 1, 2],
					"texture": "#missing"
				},
				"east": {"uv": [0, 0, 1, 2], "texture": "#missing"},
				"south": {
					"uv": [0, 0, 1, 2],
					"texture": "#missing"
				},
				"west": {"uv": [0, 0, 1, 2], "texture": "#missing"},
				"up": {"uv": [0, 0, 1, 1], "texture": "#missing"},
				"down": {"uv": [0, 0, 1, 1], "texture": "#missing"}
			},
			"type": "cube"
		},
		{
			"name": "cube",
			"from": [12, 1, 4],
			"to": [14, 3, 13],
			"faces": {
				"north": {
					"uv": [0, 0, 2, 2],
					"texture": "#missing"
				},
				"east": {"uv": [0, 0, 9, 2], "texture": "#missing"},
				"south": {
					"uv": [0, 0, 2, 2],
					"texture": "#missing"
				},
				"west": {"uv": [0, 0, 9, 2], "texture": "#missing"},
				"up": {"uv": [0, 0, 2, 9], "texture": "#missing"},
				"down": {"uv": [0, 0, 2, 9], "texture": "#missing"}
			},
			"type": "cube"
		},
		{
			"name": "cube",
			"from": [6, 1, 4],
			"to": [12, 3, 10],
			"faces": {
				"north": {
					"uv": [0, 0, 6, 2],
					"texture": "#missing"
				},
				"east": {"uv": [0, 0, 6, 2], "texture": "#missing"},
				"south": {
					"uv": [0, 0, 6, 2],
					"texture": "#missing"
				},
				"west": {"uv": [0, 0, 6, 2], "texture": "#missing"},
				"up": {"uv": [0, 0, 6, 6], "texture": "#missing"},
				"down": {"uv": [0, 0, 6, 6], "texture": "#missing"}
			},
			"type": "cube"
		},
		{
			"name": "cube",
			"from": [5, 1, 4],
			"to": [6, 3, 9],
			"faces": {
				"north": {
					"uv": [0, 0, 1, 2],
					"texture": "#missing"
				},
				"east": {"uv": [0, 0, 5, 2], "texture": "#missing"},
				"south": {
					"uv": [0, 0, 1, 2],
					"texture": "#missing"
				},
				"west": {"uv": [0, 0, 5, 2], "texture": "#missing"},
				"up": {"uv": [0, 0, 1, 5], "texture": "#missing"},
				"down": {"uv": [0, 0, 1, 5], "texture": "#missing"}
			},
			"type": "cube"
		},
		{
			"name": "cube",
			"from": [7, 1, 10],
			"to": [12, 3, 11],
			"faces": {
				"north": {
					"uv": [0, 0, 5, 2],
					"texture": "#missing"
				},
				"east": {"uv": [0, 0, 1, 2], "texture": "#missing"},
				"south": {
					"uv": [0, 0, 5, 2],
					"texture": "#missing"
				},
				"west": {"uv": [0, 0, 1, 2], "texture": "#missing"},
				"up": {"uv": [0, 0, 5, 1], "texture": "#missing"},
				"down": {"uv": [0, 0, 5, 1], "texture": "#missing"}
			},
			"type": "cube"
		},
		{
			"name": "cube",
			"from": [4, 1, 4],
			"to": [5, 3, 7],
			"faces": {
				"north": {
					"uv": [0, 0, 1, 2],
					"texture": "#missing"
				},
				"east": {"uv": [0, 0, 3, 2], "texture": "#missing"},
				"south": {
					"uv": [0, 0, 1, 2],
					"texture": "#missing"
				},
				"west": {"uv": [0, 0, 3, 2], "texture": "#missing"},
				"up": {"uv": [0, 0, 1, 3], "texture": "#missing"},
				"down": {"uv": [0, 0, 1, 3], "texture": "#missing"}
			},
			"type": "cube"
		},
		{
			"name": "cube",
			"from": [9, 1, 11],
			"to": [12, 3, 12],
			"faces": {
				"north": {
					"uv": [0, 0, 3, 2],
					"texture": "#missing"
				},
				"east": {"uv": [0, 0, 1, 2], "texture": "#missing"},
				"south": {
					"uv": [0, 0, 3, 2],
					"texture": "#missing"
				},
				"west": {"uv": [0, 0, 1, 2], "texture": "#missing"},
				"up": {"uv": [0, 0, 3, 1], "texture": "#missing"},
				"down": {"uv": [0, 0, 3, 1], "texture": "#missing"}
			},
			"type": "cube"
		},
		{
			"name": "cube",
			"from": [2, 0, 2],
			"to": [14, 1, 14],
			"faces": {
				"north": {
					"uv": [0, 0, 12, 1],
					"texture": "#missing"
				},
				"east": {
					"uv": [0, 0, 12, 1],
					"texture": "#missing"
				},
				"south": {
					"uv": [0, 0, 12, 1],
					"texture": "#missing"
				},
				"west": {
					"uv": [0, 0, 12, 1],
					"texture": "#missing"
				},
				"up": {"uv": [0, 0, 12, 12], "texture": "#missing"},
				"down": {
					"uv": [0, 0, 12, 12],
					"texture": "#missing"
				}
			},
			"type": "cube"
		}
	],
	"display": {}
}