{
	"credit": "Made with Blockbench, a free, modern block model editor by JannisX11",
	"textures": {
		"2": "items/skymode4/pickaxe_mold",
		"particle": "items/skymode4/pickaxe_mold"
	},
	"elements": [
		{
			"name": "pickaxe_mold_0",
			"from": [2, 0, 2],
			"to": [4, 2, 14],
			"faces": {
				"north": {"uv": [4, 2, 2, 3], "texture": "#2"},
				"east": {
					"uv": [3, 2, 4, 14],
					"texture": "#2",
					"rotation": 90
				},
				"south": {"uv": [2, 13, 4, 14], "texture": "#2"},
				"west": {
					"uv": [2, 2, 3, 14],
					"texture": "#2",
					"rotation": 270
				},
				"up": {"uv": [2, 2, 4, 14], "texture": "#2"},
				"down": {"uv": [2, 14, 4, 2], "texture": "#2"}
			},
			"type": "cube"
		},
		{
			"name": "pickaxe_mold_1",
			"from": [4, 0, 2],
			"to": [14, 2, 3],
			"faces": {
				"north": {"uv": [14, 2, 4, 3], "texture": "#2"},
				"east": {
					"uv": [13, 2, 14, 3],
					"texture": "#2",
					"rotation": 90
				},
				"south": {"uv": [4, 2, 14, 3], "texture": "#2"},
				"west": {
					"uv": [4, 2, 5, 3],
					"texture": "#2",
					"rotation": 270
				},
				"up": {"uv": [4, 2, 14, 3], "texture": "#2"},
				"down": {"uv": [4, 3, 14, 2], "texture": "#2"}
			},
			"type": "cube"
		},
		{
			"name": "pickaxe_mold_2",
			"from": [8, 0, 3],
			"to": [14, 2, 4],
			"faces": {
				"north": {"uv": [14, 3, 8, 4], "texture": "#2"},
				"east": {
					"uv": [13, 3, 14, 4],
					"texture": "#2",
					"rotation": 90
				},
				"south": {"uv": [8, 3, 14, 4], "texture": "#2"},
				"west": {
					"uv": [8, 3, 9, 4],
					"texture": "#2",
					"rotation": 270
				},
				"up": {"uv": [8, 3, 14, 4], "texture": "#2"},
				"down": {"uv": [8, 4, 14, 3], "texture": "#2"}
			},
			"type": "cube"
		},
		{
			"name": "pickaxe_mold_3",
			"from": [4, 0, 4],
			"to": [7, 2, 14],
			"faces": {
				"north": {"uv": [7, 4, 4, 5], "texture": "#2"},
				"east": {
					"uv": [6, 4, 7, 14],
					"texture": "#2",
					"rotation": 90
				},
				"south": {"uv": [4, 13, 7, 14], "texture": "#2"},
				"west": {
					"uv": [4, 4, 5, 14],
					"texture": "#2",
					"rotation": 270
				},
				"up": {"uv": [4, 4, 7, 14], "texture": "#2"},
				"down": {"uv": [4, 14, 7, 4], "texture": "#2"}
			},
			"type": "cube"
		},
		{
			"name": "pickaxe_mold_4",
			"from": [10, 0, 4],
			"to": [14, 2, 5],
			"faces": {
				"north": {"uv": [14, 4, 10, 5], "texture": "#2"},
				"east": {
					"uv": [13, 4, 14, 5],
					"texture": "#2",
					"rotation": 90
				},
				"south": {"uv": [10, 4, 14, 5], "texture": "#2"},
				"west": {
					"uv": [10, 4, 11, 5],
					"texture": "#2",
					"rotation": 270
				},
				"up": {"uv": [10, 4, 14, 5], "texture": "#2"},
				"down": {"uv": [10, 5, 14, 4], "texture": "#2"}
			},
			"type": "cube"
		},
		{
			"name": "pickaxe_mold_5",
			"from": [7, 0, 5],
			"to": [9, 2, 14],
			"faces": {
				"north": {"uv": [9, 5, 7, 6], "texture": "#2"},
				"east": {
					"uv": [8, 5, 9, 14],
					"texture": "#2",
					"rotation": 90
				},
				"south": {"uv": [7, 13, 9, 14], "texture": "#2"},
				"west": {
					"uv": [7, 5, 8, 14],
					"texture": "#2",
					"rotation": 270
				},
				"up": {"uv": [7, 5, 9, 14], "texture": "#2"},
				"down": {"uv": [7, 14, 9, 5], "texture": "#2"}
			},
			"type": "cube"
		},
		{
			"name": "pickaxe_mold_6",
			"from": [11, 0, 5],
			"to": [14, 2, 6],
			"faces": {
				"north": {"uv": [14, 5, 11, 6], "texture": "#2"},
				"east": {
					"uv": [13, 5, 14, 6],
					"texture": "#2",
					"rotation": 90
				},
				"south": {"uv": [11, 5, 14, 6], "texture": "#2"},
				"west": {
					"uv": [11, 5, 12, 6],
					"texture": "#2",
					"rotation": 270
				},
				"up": {"uv": [11, 5, 14, 6], "texture": "#2"},
				"down": {"uv": [11, 6, 14, 5], "texture": "#2"}
			},
			"type": "cube"
		},
		{
			"name": "pickaxe_mold_7",
			"from": [9, 0, 6],
			"to": [10, 2, 14],
			"faces": {
				"north": {"uv": [10, 6, 9, 7], "texture": "#2"},
				"east": {
					"uv": [9, 6, 10, 14],
					"texture": "#2",
					"rotation": 90
				},
				"south": {"uv": [9, 13, 10, 14], "texture": "#2"},
				"west": {
					"uv": [9, 6, 10, 14],
					"texture": "#2",
					"rotation": 270
				},
				"up": {"uv": [9, 6, 10, 14], "texture": "#2"},
				"down": {"uv": [9, 14, 10, 6], "texture": "#2"}
			},
			"type": "cube"
		},
		{
			"name": "pickaxe_mold_8",
			"from": [12, 0, 6],
			"to": [14, 2, 8],
			"faces": {
				"north": {"uv": [14, 6, 12, 7], "texture": "#2"},
				"east": {
					"uv": [13, 6, 14, 8],
					"texture": "#2",
					"rotation": 90
				},
				"south": {"uv": [12, 7, 14, 8], "texture": "#2"},
				"west": {
					"uv": [12, 6, 13, 8],
					"texture": "#2",
					"rotation": 270
				},
				"up": {"uv": [12, 6, 14, 8], "texture": "#2"},
				"down": {"uv": [12, 8, 14, 6], "texture": "#2"}
			},
			"type": "cube"
		},
		{
			"name": "pickaxe_mold_9",
			"from": [10, 0, 7],
			"to": [11, 2, 14],
			"faces": {
				"north": {"uv": [11, 7, 10, 8], "texture": "#2"},
				"east": {
					"uv": [10, 7, 11, 14],
					"texture": "#2",
					"rotation": 90
				},
				"south": {"uv": [10, 13, 11, 14], "texture": "#2"},
				"west": {
					"uv": [10, 7, 11, 14],
					"texture": "#2",
					"rotation": 270
				},
				"up": {"uv": [10, 7, 11, 14], "texture": "#2"},
				"down": {"uv": [10, 14, 11, 7], "texture": "#2"}
			},
			"type": "cube"
		},
		{
			"name": "pickaxe_mold_10",
			"from": [13, 0, 8],
			"to": [14, 2, 14],
			"faces": {
				"north": {"uv": [14, 8, 13, 9], "texture": "#2"},
				"east": {
					"uv": [13, 8, 14, 14],
					"texture": "#2",
					"rotation": 90
				},
				"south": {"uv": [13, 13, 14, 14], "texture": "#2"},
				"west": {
					"uv": [13, 8, 14, 14],
					"texture": "#2",
					"rotation": 270
				},
				"up": {"uv": [13, 8, 14, 14], "texture": "#2"},
				"down": {"uv": [13, 14, 14, 8], "texture": "#2"}
			},
			"type": "cube"
		},
		{
			"name": "pickaxe_mold_11",
			"from": [11, 0, 9],
			"to": [12, 2, 14],
			"faces": {
				"north": {"uv": [12, 9, 11, 10], "texture": "#2"},
				"east": {
					"uv": [11, 9, 12, 14],
					"texture": "#2",
					"rotation": 90
				},
				"south": {"uv": [11, 13, 12, 14], "texture": "#2"},
				"west": {
					"uv": [11, 9, 12, 14],
					"texture": "#2",
					"rotation": 270
				},
				"up": {"uv": [11, 9, 12, 14], "texture": "#2"},
				"down": {"uv": [11, 14, 12, 9], "texture": "#2"}
			},
			"type": "cube"
		},
		{
			"name": "pickaxe_mold_12",
			"from": [12, 0, 12],
			"to": [13, 2, 14],
			"faces": {
				"north": {"uv": [13, 12, 12, 13], "texture": "#2"},
				"east": {
					"uv": [12, 12, 13, 14],
					"texture": "#2",
					"rotation": 90
				},
				"south": {"uv": [12, 13, 13, 14], "texture": "#2"},
				"west": {
					"uv": [12, 12, 13, 14],
					"texture": "#2",
					"rotation": 270
				},
				"up": {"uv": [12, 12, 13, 14], "texture": "#2"},
				"down": {"uv": [12, 14, 13, 12], "texture": "#2"}
			},
			"type": "cube"
		}
	],
	"groups": [
		{
			"name": "pickaxe_mold",
			"isOpen": false,
			"display": {"visibility": true, "autouv": true},
			"children": [
				0,
				1,
				2,
				3,
				4,
				5,
				6,
				7,
				8,
				9,
				10,
				11,
				12
			]
		}
	]
}