{
	"credit": "Made with Blockbench, a free, modern block model editor by JannisX11",
	"textures": {
		"0": "items/skymode4/stone_handle_part",
		"particle": "items/skymode4/stone_handle_part"
	},
	"elements": [
		{
			"name": "stone_handle_part_0",
			"from": [4, 12.5, 4],
			"to": [6, 14.5, 6],
			"faces": {
				"north": {"uv": [6, 4, 4, 5], "texture": "#0"},
				"east": {
					"uv": [5, 4, 6, 6],
					"texture": "#0",
					"rotation": 90
				},
				"south": {"uv": [4, 5, 6, 6], "texture": "#0"},
				"west": {
					"uv": [4, 4, 5, 6],
					"texture": "#0",
					"rotation": 270
				},
				"up": {"uv": [4, 4, 6, 6], "texture": "#0"},
				"down": {"uv": [4, 6, 6, 4], "texture": "#0"}
			},
			"type": "cube"
		},
		{
			"name": "stone_handle_part_1",
			"from": [6, 12.5, 5],
			"to": [7, 14.5, 9],
			"faces": {
				"north": {"uv": [7, 5, 6, 6], "texture": "#0"},
				"east": {
					"uv": [6, 5, 7, 9],
					"texture": "#0",
					"rotation": 90
				},
				"south": {"uv": [6, 8, 7, 9], "texture": "#0"},
				"west": {
					"uv": [6, 5, 7, 9],
					"texture": "#0",
					"rotation": 270
				},
				"up": {"uv": [6, 5, 7, 9], "texture": "#0"},
				"down": {"uv": [6, 9, 7, 5], "texture": "#0"}
			},
			"type": "cube"
		},
		{
			"name": "stone_handle_part_2",
			"from": [5, 12.5, 6],
			"to": [6, 14.5, 8],
			"faces": {
				"north": {"uv": [6, 6, 5, 7], "texture": "#0"},
				"east": {
					"uv": [5, 6, 6, 8],
					"texture": "#0",
					"rotation": 90
				},
				"south": {"uv": [5, 7, 6, 8], "texture": "#0"},
				"west": {
					"uv": [5, 6, 6, 8],
					"texture": "#0",
					"rotation": 270
				},
				"up": {"uv": [5, 6, 6, 8], "texture": "#0"},
				"down": {"uv": [5, 8, 6, 6], "texture": "#0"}
			},
			"type": "cube"
		},
		{
			"name": "stone_handle_part_3",
			"from": [7, 12.5, 6],
			"to": [8, 14.5, 10],
			"faces": {
				"north": {"uv": [8, 6, 7, 7], "texture": "#0"},
				"east": {
					"uv": [7, 6, 8, 10],
					"texture": "#0",
					"rotation": 90
				},
				"south": {"uv": [7, 9, 8, 10], "texture": "#0"},
				"west": {
					"uv": [7, 6, 8, 10],
					"texture": "#0",
					"rotation": 270
				},
				"up": {"uv": [7, 6, 8, 10], "texture": "#0"},
				"down": {"uv": [7, 10, 8, 6], "texture": "#0"}
			},
			"type": "cube"
		},
		{
			"name": "stone_handle_part_4",
			"from": [8, 12.5, 8],
			"to": [10, 14.5, 11],
			"faces": {
				"north": {"uv": [10, 8, 8, 9], "texture": "#0"},
				"east": {
					"uv": [9, 8, 10, 11],
					"texture": "#0",
					"rotation": 90
				},
				"south": {"uv": [8, 10, 10, 11], "texture": "#0"},
				"west": {
					"uv": [8, 8, 9, 11],
					"texture": "#0",
					"rotation": 270
				},
				"up": {"uv": [8, 8, 10, 11], "texture": "#0"},
				"down": {"uv": [8, 11, 10, 8], "texture": "#0"}
			},
			"type": "cube"
		},
		{
			"name": "stone_handle_part_5",
			"from": [10, 12.5, 9],
			"to": [11, 14.5, 12],
			"faces": {
				"north": {"uv": [11, 9, 10, 10], "texture": "#0"},
				"east": {
					"uv": [10, 9, 11, 12],
					"texture": "#0",
					"rotation": 90
				},
				"south": {"uv": [10, 11, 11, 12], "texture": "#0"},
				"west": {
					"uv": [10, 9, 11, 12],
					"texture": "#0",
					"rotation": 270
				},
				"up": {"uv": [10, 9, 11, 12], "texture": "#0"},
				"down": {"uv": [10, 12, 11, 9], "texture": "#0"}
			},
			"type": "cube"
		},
		{
			"name": "stone_handle_part_6",
			"from": [11, 12.5, 10],
			"to": [12, 14.5, 12],
			"faces": {
				"north": {"uv": [12, 10, 11, 11], "texture": "#0"},
				"east": {
					"uv": [11, 10, 12, 12],
					"texture": "#0",
					"rotation": 90
				},
				"south": {"uv": [11, 11, 12, 12], "texture": "#0"},
				"west": {
					"uv": [11, 10, 12, 12],
					"texture": "#0",
					"rotation": 270
				},
				"up": {"uv": [11, 10, 12, 12], "texture": "#0"},
				"down": {"uv": [11, 12, 12, 10], "texture": "#0"}
			},
			"type": "cube"
		}
	],
	"groups": [
		{
			"name": "stone_handle_part",
			"display": {"visibility": true, "autouv": true},
			"children": [0, 1, 2, 3, 4, 5, 6]
		}
	]
}