{
	"credit": "Made with Blockbench, a free, modern block model editor by JannisX11",
	"textures": {
		"0": "items/skymode4/stone_pickaxe_part",
		"particle": "items/skymode4/stone_pickaxe_part"
	},
	"elements": [
		{
			"name": "stone_pickaxe_part_0",
			"from": [3, 0, 3],
			"to": [9, 2, 4],
			"faces": {
				"north": {"uv": [9, 3, 3, 4], "texture": "#0"},
				"east": {
					"uv": [8, 3, 9, 4],
					"texture": "#0",
					"rotation": 90
				},
				"south": {"uv": [3, 3, 9, 4], "texture": "#0"},
				"west": {
					"uv": [3, 3, 4, 4],
					"texture": "#0",
					"rotation": 270
				},
				"up": {"uv": [3, 3, 9, 4], "texture": "#0"},
				"down": {"uv": [3, 4, 9, 3], "texture": "#0"}
			},
			"type": "cube"
		},
		{
			"name": "stone_pickaxe_part_1",
			"from": [4, 0, 4],
			"to": [11, 2, 5],
			"faces": {
				"north": {"uv": [11, 4, 4, 5], "texture": "#0"},
				"east": {
					"uv": [10, 4, 11, 5],
					"texture": "#0",
					"rotation": 90
				},
				"south": {"uv": [4, 4, 11, 5], "texture": "#0"},
				"west": {
					"uv": [4, 4, 5, 5],
					"texture": "#0",
					"rotation": 270
				},
				"up": {"uv": [4, 4, 11, 5], "texture": "#0"},
				"down": {"uv": [4, 5, 11, 4], "texture": "#0"}
			},
			"type": "cube"
		},
		{
			"name": "stone_pickaxe_part_2",
			"from": [7, 0, 5],
			"to": [12, 2, 6],
			"faces": {
				"north": {"uv": [12, 5, 7, 6], "texture": "#0"},
				"east": {
					"uv": [11, 5, 12, 6],
					"texture": "#0",
					"rotation": 90
				},
				"south": {"uv": [7, 5, 12, 6], "texture": "#0"},
				"west": {
					"uv": [7, 5, 8, 6],
					"texture": "#0",
					"rotation": 270
				},
				"up": {"uv": [7, 5, 12, 6], "texture": "#0"},
				"down": {"uv": [7, 6, 12, 5], "texture": "#0"}
			},
			"type": "cube"
		},
		{
			"name": "stone_pickaxe_part_3",
			"from": [9, 0, 6],
			"to": [12, 2, 7],
			"faces": {
				"north": {"uv": [12, 6, 9, 7], "texture": "#0"},
				"east": {
					"uv": [11, 6, 12, 7],
					"texture": "#0",
					"rotation": 90
				},
				"south": {"uv": [9, 6, 12, 7], "texture": "#0"},
				"west": {
					"uv": [9, 6, 10, 7],
					"texture": "#0",
					"rotation": 270
				},
				"up": {"uv": [9, 6, 12, 7], "texture": "#0"},
				"down": {"uv": [9, 7, 12, 6], "texture": "#0"}
			},
			"type": "cube"
		},
		{
			"name": "stone_pickaxe_part_4",
			"from": [10, 0, 7],
			"to": [13, 2, 9],
			"faces": {
				"north": {"uv": [13, 7, 10, 8], "texture": "#0"},
				"east": {
					"uv": [12, 7, 13, 9],
					"texture": "#0",
					"rotation": 90
				},
				"south": {"uv": [10, 8, 13, 9], "texture": "#0"},
				"west": {
					"uv": [10, 7, 11, 9],
					"texture": "#0",
					"rotation": 270
				},
				"up": {"uv": [10, 7, 13, 9], "texture": "#0"},
				"down": {"uv": [10, 9, 13, 7], "texture": "#0"}
			},
			"type": "cube"
		},
		{
			"name": "stone_pickaxe_part_5",
			"from": [11, 0, 9],
			"to": [13, 2, 12],
			"faces": {
				"north": {"uv": [13, 9, 11, 10], "texture": "#0"},
				"east": {
					"uv": [12, 9, 13, 12],
					"texture": "#0",
					"rotation": 90
				},
				"south": {"uv": [11, 11, 13, 12], "texture": "#0"},
				"west": {
					"uv": [11, 9, 12, 12],
					"texture": "#0",
					"rotation": 270
				},
				"up": {"uv": [11, 9, 13, 12], "texture": "#0"},
				"down": {"uv": [11, 12, 13, 9], "texture": "#0"}
			},
			"type": "cube"
		},
		{
			"name": "stone_pickaxe_part_6",
			"from": [12, 0, 12],
			"to": [13, 2, 13],
			"faces": {
				"north": {"uv": [13, 12, 12, 13], "texture": "#0"},
				"east": {
					"uv": [12, 12, 13, 13],
					"texture": "#0",
					"rotation": 90
				},
				"south": {"uv": [12, 12, 13, 13], "texture": "#0"},
				"west": {
					"uv": [12, 12, 13, 13],
					"texture": "#0",
					"rotation": 270
				},
				"up": {"uv": [12, 12, 13, 13], "texture": "#0"},
				"down": {"uv": [12, 13, 13, 12], "texture": "#0"}
			},
			"type": "cube"
		}
	],
	"groups": [
		{
			"name": "stone_pickaxe_part",
			"isOpen": true,
			"display": {"visibility": true, "autouv": true},
			"children": [0, 1, 2, 3, 4, 5, 6]
		}
	]
}