{
	"credit": "Made with Blockbench, a free, modern block model editor by JannisX11",
	"textures": {
		"0": "items/skymode4/stone_rod_part",
		"particle": "items/skymode4/stone_rod_part"
	},
	"elements": [
		{
			"name": "stone_rod_part_0",
			"from": [11, 12.5, 3],
			"to": [13, 14.5, 5],
			"faces": {
				"north": {"uv": [13, 3, 11, 4], "texture": "#0"},
				"east": {
					"uv": [12, 3, 13, 5],
					"texture": "#0",
					"rotation": 90
				},
				"south": {"uv": [11, 4, 13, 5], "texture": "#0"},
				"west": {
					"uv": [11, 3, 12, 5],
					"texture": "#0",
					"rotation": 270
				},
				"up": {"uv": [11, 3, 13, 5], "texture": "#0"},
				"down": {"uv": [11, 5, 13, 3], "texture": "#0"}
			},
			"type": "cube"
		},
		{
			"name": "stone_rod_part_1",
			"from": [10, 12.5, 4],
			"to": [11, 14.5, 7],
			"faces": {
				"north": {"uv": [11, 4, 10, 5], "texture": "#0"},
				"east": {
					"uv": [10, 4, 11, 7],
					"texture": "#0",
					"rotation": 90
				},
				"south": {"uv": [10, 6, 11, 7], "texture": "#0"},
				"west": {
					"uv": [10, 4, 11, 7],
					"texture": "#0",
					"rotation": 270
				},
				"up": {"uv": [10, 4, 11, 7], "texture": "#0"},
				"down": {"uv": [10, 7, 11, 4], "texture": "#0"}
			},
			"type": "cube"
		},
		{
			"name": "stone_rod_part_2",
			"from": [9, 12.5, 5],
			"to": [10, 14.5, 8],
			"faces": {
				"north": {"uv": [10, 5, 9, 6], "texture": "#0"},
				"east": {
					"uv": [9, 5, 10, 8],
					"texture": "#0",
					"rotation": 90
				},
				"south": {"uv": [9, 7, 10, 8], "texture": "#0"},
				"west": {
					"uv": [9, 5, 10, 8],
					"texture": "#0",
					"rotation": 270
				},
				"up": {"uv": [9, 5, 10, 8], "texture": "#0"},
				"down": {"uv": [9, 8, 10, 5], "texture": "#0"}
			},
			"type": "cube"
		},
		{
			"name": "stone_rod_part_3",
			"from": [11, 12.5, 5],
			"to": [12, 14.5, 6],
			"faces": {
				"north": {"uv": [12, 5, 11, 6], "texture": "#0"},
				"east": {
					"uv": [11, 5, 12, 6],
					"texture": "#0",
					"rotation": 90
				},
				"south": {"uv": [11, 5, 12, 6], "texture": "#0"},
				"west": {
					"uv": [11, 5, 12, 6],
					"texture": "#0",
					"rotation": 270
				},
				"up": {"uv": [11, 5, 12, 6], "texture": "#0"},
				"down": {"uv": [11, 6, 12, 5], "texture": "#0"}
			},
			"type": "cube"
		},
		{
			"name": "stone_rod_part_4",
			"from": [8, 12.5, 6],
			"to": [9, 14.5, 9],
			"faces": {
				"north": {"uv": [9, 6, 8, 7], "texture": "#0"},
				"east": {
					"uv": [8, 6, 9, 9],
					"texture": "#0",
					"rotation": 90
				},
				"south": {"uv": [8, 8, 9, 9], "texture": "#0"},
				"west": {
					"uv": [8, 6, 9, 9],
					"texture": "#0",
					"rotation": 270
				},
				"up": {"uv": [8, 6, 9, 9], "texture": "#0"},
				"down": {"uv": [8, 9, 9, 6], "texture": "#0"}
			},
			"type": "cube"
		},
		{
			"name": "stone_rod_part_5",
			"from": [7, 12.5, 7],
			"to": [8, 14.5, 10],
			"faces": {
				"north": {"uv": [8, 7, 7, 8], "texture": "#0"},
				"east": {
					"uv": [7, 7, 8, 10],
					"texture": "#0",
					"rotation": 90
				},
				"south": {"uv": [7, 9, 8, 10], "texture": "#0"},
				"west": {
					"uv": [7, 7, 8, 10],
					"texture": "#0",
					"rotation": 270
				},
				"up": {"uv": [7, 7, 8, 10], "texture": "#0"},
				"down": {"uv": [7, 10, 8, 7], "texture": "#0"}
			},
			"type": "cube"
		},
		{
			"name": "stone_rod_part_6",
			"from": [6, 12.5, 8],
			"to": [7, 14.5, 11],
			"faces": {
				"north": {"uv": [7, 8, 6, 9], "texture": "#0"},
				"east": {
					"uv": [6, 8, 7, 11],
					"texture": "#0",
					"rotation": 90
				},
				"south": {"uv": [6, 10, 7, 11], "texture": "#0"},
				"west": {
					"uv": [6, 8, 7, 11],
					"texture": "#0",
					"rotation": 270
				},
				"up": {"uv": [6, 8, 7, 11], "texture": "#0"},
				"down": {"uv": [6, 11, 7, 8], "texture": "#0"}
			},
			"type": "cube"
		},
		{
			"name": "stone_rod_part_7",
			"from": [5, 12.5, 9],
			"to": [6, 14.5, 12],
			"faces": {
				"north": {"uv": [6, 9, 5, 10], "texture": "#0"},
				"east": {
					"uv": [5, 9, 6, 12],
					"texture": "#0",
					"rotation": 90
				},
				"south": {"uv": [5, 11, 6, 12], "texture": "#0"},
				"west": {
					"uv": [5, 9, 6, 12],
					"texture": "#0",
					"rotation": 270
				},
				"up": {"uv": [5, 9, 6, 12], "texture": "#0"},
				"down": {"uv": [5, 12, 6, 9], "texture": "#0"}
			},
			"type": "cube"
		},
		{
			"name": "stone_rod_part_8",
			"from": [4, 12.5, 10],
			"to": [5, 14.5, 13],
			"faces": {
				"north": {"uv": [5, 10, 4, 11], "texture": "#0"},
				"east": {
					"uv": [4, 10, 5, 13],
					"texture": "#0",
					"rotation": 90
				},
				"south": {"uv": [4, 12, 5, 13], "texture": "#0"},
				"west": {
					"uv": [4, 10, 5, 13],
					"texture": "#0",
					"rotation": 270
				},
				"up": {"uv": [4, 10, 5, 13], "texture": "#0"},
				"down": {"uv": [4, 13, 5, 10], "texture": "#0"}
			},
			"type": "cube"
		},
		{
			"name": "stone_rod_part_9",
			"from": [3, 12.5, 11],
			"to": [4, 14.5, 13],
			"faces": {
				"north": {"uv": [4, 11, 3, 12], "texture": "#0"},
				"east": {
					"uv": [3, 11, 4, 13],
					"texture": "#0",
					"rotation": 90
				},
				"south": {"uv": [3, 12, 4, 13], "texture": "#0"},
				"west": {
					"uv": [3, 11, 4, 13],
					"texture": "#0",
					"rotation": 270
				},
				"up": {"uv": [3, 11, 4, 13], "texture": "#0"},
				"down": {"uv": [3, 13, 4, 11], "texture": "#0"}
			},
			"type": "cube"
		}
	],
	"groups": [
		{
			"name": "stone_rod_part",
			"display": {"visibility": true, "autouv": true},
			"children": [0, 1, 2, 3, 4, 5, 6, 7, 8, 9]
		}
	]
}