{
	"credit": "Made with Blockbench, a free, modern block model editor by JannisX11",
	"textures": {
		"0": "items/skymode4/stone_shovel_part",
		"particle": "items/skymode4/stone_shovel_part"
	},
	"elements": [
		{
			"name": "stone_shovel_part_0",
			"from": [8, 12.5, 4],
			"to": [11, 14.5, 9],
			"faces": {
				"north": {"uv": [11, 4, 8, 5], "texture": "#0"},
				"east": {
					"uv": [10, 4, 11, 9],
					"texture": "#0",
					"rotation": 90
				},
				"south": {"uv": [8, 8, 11, 9], "texture": "#0"},
				"west": {
					"uv": [8, 4, 9, 9],
					"texture": "#0",
					"rotation": 270
				},
				"up": {"uv": [8, 4, 11, 9], "texture": "#0"},
				"down": {"uv": [8, 9, 11, 4], "texture": "#0"}
			},
			"type": "cube"
		},
		{
			"name": "stone_shovel_part_1",
			"from": [7, 12.5, 5],
			"to": [8, 14.5, 10],
			"faces": {
				"north": {"uv": [8, 5, 7, 6], "texture": "#0"},
				"east": {
					"uv": [7, 5, 8, 10],
					"texture": "#0",
					"rotation": 90
				},
				"south": {"uv": [7, 9, 8, 10], "texture": "#0"},
				"west": {
					"uv": [7, 5, 8, 10],
					"texture": "#0",
					"rotation": 270
				},
				"up": {"uv": [7, 5, 8, 10], "texture": "#0"},
				"down": {"uv": [7, 10, 8, 5], "texture": "#0"}
			},
			"type": "cube"
		},
		{
			"name": "stone_shovel_part_2",
			"from": [11, 12.5, 5],
			"to": [12, 14.5, 8],
			"faces": {
				"north": {"uv": [12, 5, 11, 6], "texture": "#0"},
				"east": {
					"uv": [11, 5, 12, 8],
					"texture": "#0",
					"rotation": 90
				},
				"south": {"uv": [11, 7, 12, 8], "texture": "#0"},
				"west": {
					"uv": [11, 5, 12, 8],
					"texture": "#0",
					"rotation": 270
				},
				"up": {"uv": [11, 5, 12, 8], "texture": "#0"},
				"down": {"uv": [11, 8, 12, 5], "texture": "#0"}
			},
			"type": "cube"
		},
		{
			"name": "stone_shovel_part_3",
			"from": [6, 12.5, 6],
			"to": [7, 14.5, 9],
			"faces": {
				"north": {"uv": [7, 6, 6, 7], "texture": "#0"},
				"east": {
					"uv": [6, 6, 7, 9],
					"texture": "#0",
					"rotation": 90
				},
				"south": {"uv": [6, 8, 7, 9], "texture": "#0"},
				"west": {
					"uv": [6, 6, 7, 9],
					"texture": "#0",
					"rotation": 270
				},
				"up": {"uv": [6, 6, 7, 9], "texture": "#0"},
				"down": {"uv": [6, 9, 7, 6], "texture": "#0"}
			},
			"type": "cube"
		},
		{
			"name": "stone_shovel_part_4",
			"from": [5, 12.5, 7],
			"to": [6, 14.5, 8],
			"faces": {
				"north": {"uv": [6, 7, 5, 8], "texture": "#0"},
				"east": {
					"uv": [5, 7, 6, 8],
					"texture": "#0",
					"rotation": 90
				},
				"south": {"uv": [5, 7, 6, 8], "texture": "#0"},
				"west": {
					"uv": [5, 7, 6, 8],
					"texture": "#0",
					"rotation": 270
				},
				"up": {"uv": [5, 7, 6, 8], "texture": "#0"},
				"down": {"uv": [5, 8, 6, 7], "texture": "#0"}
			},
			"type": "cube"
		},
		{
			"name": "stone_shovel_part_5",
			"from": [8, 12.5, 9],
			"to": [10, 14.5, 10],
			"faces": {
				"north": {"uv": [10, 9, 8, 10], "texture": "#0"},
				"east": {
					"uv": [9, 9, 10, 10],
					"texture": "#0",
					"rotation": 90
				},
				"south": {"uv": [8, 9, 10, 10], "texture": "#0"},
				"west": {
					"uv": [8, 9, 9, 10],
					"texture": "#0",
					"rotation": 270
				},
				"up": {"uv": [8, 9, 10, 10], "texture": "#0"},
				"down": {"uv": [8, 10, 10, 9], "texture": "#0"}
			},
			"type": "cube"
		},
		{
			"name": "stone_shovel_part_6",
			"from": [8, 12.5, 10],
			"to": [9, 14.5, 11],
			"faces": {
				"north": {"uv": [9, 10, 8, 11], "texture": "#0"},
				"east": {
					"uv": [8, 10, 9, 11],
					"texture": "#0",
					"rotation": 90
				},
				"south": {"uv": [8, 10, 9, 11], "texture": "#0"},
				"west": {
					"uv": [8, 10, 9, 11],
					"texture": "#0",
					"rotation": 270
				},
				"up": {"uv": [8, 10, 9, 11], "texture": "#0"},
				"down": {"uv": [8, 11, 9, 10], "texture": "#0"}
			},
			"type": "cube"
		}
	],
	"groups": [
		{
			"name": "stone_shovel_part",
			"display": {"visibility": true, "autouv": true},
			"children": [0, 1, 2, 3, 4, 5, 6]
		}
	]
}