{
	"credit": "Made with Blockbench, a free, modern block model editor by JannisX11",
	"textures": {
		"0": "blocks/stone",
		"1": "blocks/skymode4/seared_bricks",
		"2": "blocks/skymode4/seared_cast_top",
		"particle": "blocks/skymode4/seared_bricks"
	},
	"elements": [
		{
			"name": "bottom",
			"from": [2, 8, 2],
			"to": [14, 12.5, 14],
			"faces": {
				"up": {"uv": [2, 2, 14, 14], "texture": "#2"},
				"down": {"uv": [2, 2, 14, 14], "texture": "#1"}
			},
			"rotation": {
				"origin": [8, 9, 8],
				"axis": "y",
				"angle": 0
			}
		},
		{
			"name": "north",
			"from": [0, 8, 0],
			"to": [16, 15, 2],
			"faces": {
				"north": {"uv": [0, 1, 16, 8], "texture": "#1"},
				"east": {"uv": [14, 1, 16, 8], "texture": "#1"},
				"south": {"uv": [0, 1, 16, 8], "texture": "#1"},
				"west": {"uv": [0, 1, 2, 8], "texture": "#1"},
				"up": {"uv": [0, 0, 16, 2], "texture": "#1"},
				"down": {"uv": [0, 14, 16, 16], "texture": "#1"}
			},
			"rotation": {
				"origin": [8, 11.5, 1],
				"axis": "y",
				"angle": 0
			}
		},
		{
			"name": "west",
			"from": [0, 8, 2],
			"to": [2, 15, 14],
			"faces": {
				"north": {"uv": [14, 1, 16, 8], "texture": "#1"},
				"east": {"uv": [14, 8, 2, 1], "texture": "#1"},
				"south": {"uv": [0, 1, 2, 8], "texture": "#1"},
				"west": {"uv": [2, 1, 14, 8], "texture": "#1"},
				"up": {"uv": [0, 2, 2, 14], "texture": "#1"},
				"down": {"uv": [0, 2, 2, 14], "texture": "#1"}
			},
			"rotation": {
				"origin": [1, 11.5, 8],
				"axis": "y",
				"angle": 0
			}
		},
		{
			"name": "north",
			"from": [0, 8, 14],
			"to": [16, 15, 16],
			"faces": {
				"north": {"uv": [0, 1, 16, 8], "texture": "#1"},
				"east": {"uv": [0, 1, 2, 8], "texture": "#1"},
				"south": {"uv": [0, 1, 16, 8], "texture": "#1"},
				"west": {"uv": [14, 1, 16, 8], "texture": "#1"},
				"up": {"uv": [0, 14, 16, 16], "texture": "#1"},
				"down": {"uv": [0, 0, 16, 2], "texture": "#1"}
			},
			"rotation": {
				"origin": [8, 11.5, 15],
				"axis": "y",
				"angle": 0
			}
		},
		{
			"name": "east",
			"from": [14, 8, 2],
			"to": [16, 15, 14],
			"faces": {
				"north": {"uv": [2, 1, 14, 8], "texture": "#1"},
				"east": {"uv": [2, 1, 14, 8], "texture": "#1"},
				"south": {"uv": [2, 1, 14, 8], "texture": "#1"},
				"west": {"uv": [2, 1, 14, 8], "texture": "#1"},
				"up": {"uv": [14, 2, 16, 14], "texture": "#1"},
				"down": {"uv": [14, 2, 16, 14], "texture": "#1"}
			},
			"rotation": {
				"origin": [15, 11.5, 8],
				"axis": "y",
				"angle": 0
			}
		},
		{
			"name": "foot",
			"from": [0, 0, 0],
			"to": [2, 8, 2],
			"faces": {
				"north": {"uv": [14, 8, 16, 16], "texture": "#1"},
				"east": {"uv": [14, 8, 16, 16], "texture": "#1"},
				"south": {"uv": [0, 8, 2, 16], "texture": "#1"},
				"west": {"uv": [0, 8, 2, 16], "texture": "#1"},
				"up": {"uv": [0, 0, 2, 2], "texture": "#1"},
				"down": {"uv": [0, 14, 2, 16], "texture": "#1"}
			},
			"rotation": {
				"origin": [1, 4, 1],
				"axis": "y",
				"angle": 0
			}
		},
		{
			"name": "foot",
			"from": [14, 0, 0],
			"to": [16, 8, 2],
			"faces": {
				"north": {"uv": [0, 8, 2, 16], "texture": "#1"},
				"east": {"uv": [14, 8, 16, 16], "texture": "#1"},
				"south": {"uv": [14, 8, 16, 16], "texture": "#1"},
				"west": {"uv": [0, 8, 2, 16], "texture": "#1"},
				"up": {"uv": [14, 0, 16, 2], "texture": "#1"},
				"down": {"uv": [14, 14, 16, 16], "texture": "#1"}
			},
			"rotation": {
				"origin": [15, 4, 1],
				"axis": "y",
				"angle": 0
			}
		},
		{
			"name": "foot",
			"from": [14, 0, 14],
			"to": [16, 8, 16],
			"faces": {
				"north": {"uv": [0, 8, 2, 16], "texture": "#1"},
				"east": {"uv": [0, 8, 2, 16], "texture": "#1"},
				"south": {"uv": [14, 8, 16, 16], "texture": "#1"},
				"west": {"uv": [14, 8, 16, 16], "texture": "#1"},
				"up": {"uv": [14, 14, 16, 16], "texture": "#1"},
				"down": {"uv": [14, 0, 16, 2], "texture": "#1"}
			},
			"rotation": {
				"origin": [15, 4, 15],
				"axis": "y",
				"angle": 0
			}
		},
		{
			"name": "foot",
			"from": [0, 0, 14],
			"to": [2, 8, 16],
			"faces": {
				"north": {"uv": [14, 8, 16, 16], "texture": "#1"},
				"east": {"uv": [0, 8, 2, 16], "texture": "#1"},
				"south": {"uv": [0, 8, 2, 16], "texture": "#1"},
				"west": {"uv": [14, 8, 16, 16], "texture": "#1"},
				"up": {"uv": [0, 14, 2, 16], "texture": "#1"},
				"down": {"uv": [0, 0, 2, 2], "texture": "#1"}
			},
			"rotation": {
				"origin": [1, 4, 15],
				"axis": "y",
				"angle": 0
			}
		},
		{
			"name": "stone_blade_part_0",
			"from": [11, 12.5, 2],
			"to": [14, 14.5, 5],
			"faces": {
				"north": {"uv": [14, 2, 11, 3], "texture": "#0"},
				"east": {
					"uv": [13, 2, 14, 5],
					"texture": "#0",
					"rotation": 90
				},
				"south": {"uv": [11, 4, 14, 5], "texture": "#0"},
				"west": {
					"uv": [11, 2, 12, 5],
					"texture": "#0",
					"rotation": 270
				},
				"up": {"uv": [11, 2, 14, 5], "texture": "#0"},
				"down": {"uv": [11, 5, 14, 2], "texture": "#0"}
			},
			"type": "cube"
		},
		{
			"name": "stone_blade_part_1",
			"from": [10, 12.5, 3],
			"to": [11, 14.5, 8],
			"faces": {
				"north": {"uv": [11, 3, 10, 4], "texture": "#0"},
				"east": {
					"uv": [10, 3, 11, 8],
					"texture": "#0",
					"rotation": 90
				},
				"south": {"uv": [10, 7, 11, 8], "texture": "#0"},
				"west": {
					"uv": [10, 3, 11, 8],
					"texture": "#0",
					"rotation": 270
				},
				"up": {"uv": [10, 3, 11, 8], "texture": "#0"},
				"down": {"uv": [10, 8, 11, 3], "texture": "#0"}
			},
			"type": "cube"
		},
		{
			"name": "stone_blade_part_2",
			"from": [9, 12.5, 4],
			"to": [10, 14.5, 9],
			"faces": {
				"north": {"uv": [10, 4, 9, 5], "texture": "#0"},
				"east": {
					"uv": [9, 4, 10, 9],
					"texture": "#0",
					"rotation": 90
				},
				"south": {"uv": [9, 8, 10, 9], "texture": "#0"},
				"west": {
					"uv": [9, 4, 10, 9],
					"texture": "#0",
					"rotation": 270
				},
				"up": {"uv": [9, 4, 10, 9], "texture": "#0"},
				"down": {"uv": [9, 9, 10, 4], "texture": "#0"}
			},
			"type": "cube"
		},
		{
			"name": "stone_blade_part_3",
			"from": [8, 12.5, 5],
			"to": [9, 14.5, 10],
			"faces": {
				"north": {"uv": [9, 5, 8, 6], "texture": "#0"},
				"east": {
					"uv": [8, 5, 9, 10],
					"texture": "#0",
					"rotation": 90
				},
				"south": {"uv": [8, 9, 9, 10], "texture": "#0"},
				"west": {
					"uv": [8, 5, 9, 10],
					"texture": "#0",
					"rotation": 270
				},
				"up": {"uv": [8, 5, 9, 10], "texture": "#0"},
				"down": {"uv": [8, 10, 9, 5], "texture": "#0"}
			},
			"type": "cube"
		},
		{
			"name": "stone_blade_part_4",
			"from": [11, 12.5, 5],
			"to": [13, 14.5, 6],
			"faces": {
				"north": {"uv": [13, 5, 11, 6], "texture": "#0"},
				"east": {
					"uv": [12, 5, 13, 6],
					"texture": "#0",
					"rotation": 90
				},
				"south": {"uv": [11, 5, 13, 6], "texture": "#0"},
				"west": {
					"uv": [11, 5, 12, 6],
					"texture": "#0",
					"rotation": 270
				},
				"up": {"uv": [11, 5, 13, 6], "texture": "#0"},
				"down": {"uv": [11, 6, 13, 5], "texture": "#0"}
			},
			"type": "cube"
		},
		{
			"name": "stone_blade_part_5",
			"from": [7, 12.5, 6],
			"to": [8, 14.5, 11],
			"faces": {
				"north": {"uv": [8, 6, 7, 7], "texture": "#0"},
				"east": {
					"uv": [7, 6, 8, 11],
					"texture": "#0",
					"rotation": 90
				},
				"south": {"uv": [7, 10, 8, 11], "texture": "#0"},
				"west": {
					"uv": [7, 6, 8, 11],
					"texture": "#0",
					"rotation": 270
				},
				"up": {"uv": [7, 6, 8, 11], "texture": "#0"},
				"down": {"uv": [7, 11, 8, 6], "texture": "#0"}
			},
			"type": "cube"
		},
		{
			"name": "stone_blade_part_6",
			"from": [11, 12.5, 6],
			"to": [12, 14.5, 7],
			"faces": {
				"north": {"uv": [12, 6, 11, 7], "texture": "#0"},
				"east": {
					"uv": [11, 6, 12, 7],
					"texture": "#0",
					"rotation": 90
				},
				"south": {"uv": [11, 6, 12, 7], "texture": "#0"},
				"west": {
					"uv": [11, 6, 12, 7],
					"texture": "#0",
					"rotation": 270
				},
				"up": {"uv": [11, 6, 12, 7], "texture": "#0"},
				"down": {"uv": [11, 7, 12, 6], "texture": "#0"}
			},
			"type": "cube"
		},
		{
			"name": "stone_blade_part_7",
			"from": [6, 12.5, 7],
			"to": [7, 14.5, 12],
			"faces": {
				"north": {"uv": [7, 7, 6, 8], "texture": "#0"},
				"east": {
					"uv": [6, 7, 7, 12],
					"texture": "#0",
					"rotation": 90
				},
				"south": {"uv": [6, 11, 7, 12], "texture": "#0"},
				"west": {
					"uv": [6, 7, 7, 12],
					"texture": "#0",
					"rotation": 270
				},
				"up": {"uv": [6, 7, 7, 12], "texture": "#0"},
				"down": {"uv": [6, 12, 7, 7], "texture": "#0"}
			},
			"type": "cube"
		},
		{
			"name": "stone_blade_part_8",
			"from": [5, 12.5, 8],
			"to": [6, 14.5, 13],
			"faces": {
				"north": {"uv": [6, 8, 5, 9], "texture": "#0"},
				"east": {
					"uv": [5, 8, 6, 13],
					"texture": "#0",
					"rotation": 90
				},
				"south": {"uv": [5, 12, 6, 13], "texture": "#0"},
				"west": {
					"uv": [5, 8, 6, 13],
					"texture": "#0",
					"rotation": 270
				},
				"up": {"uv": [5, 8, 6, 13], "texture": "#0"},
				"down": {"uv": [5, 13, 6, 8], "texture": "#0"}
			},
			"type": "cube"
		},
		{
			"name": "stone_blade_part_9",
			"from": [4, 12.5, 9],
			"to": [5, 14.5, 13],
			"faces": {
				"north": {"uv": [5, 9, 4, 10], "texture": "#0"},
				"east": {
					"uv": [4, 9, 5, 13],
					"texture": "#0",
					"rotation": 90
				},
				"south": {"uv": [4, 12, 5, 13], "texture": "#0"},
				"west": {
					"uv": [4, 9, 5, 13],
					"texture": "#0",
					"rotation": 270
				},
				"up": {"uv": [4, 9, 5, 13], "texture": "#0"},
				"down": {"uv": [4, 13, 5, 9], "texture": "#0"}
			},
			"type": "cube"
		},
		{
			"name": "stone_blade_part_10",
			"from": [3, 12.5, 10],
			"to": [4, 14.5, 12],
			"faces": {
				"north": {"uv": [4, 10, 3, 11], "texture": "#0"},
				"east": {
					"uv": [3, 10, 4, 12],
					"texture": "#0",
					"rotation": 90
				},
				"south": {"uv": [3, 11, 4, 12], "texture": "#0"},
				"west": {
					"uv": [3, 10, 4, 12],
					"texture": "#0",
					"rotation": 270
				},
				"up": {"uv": [3, 10, 4, 12], "texture": "#0"},
				"down": {"uv": [3, 12, 4, 10], "texture": "#0"}
			},
			"type": "cube"
		}
	],
	"display": {
		"thirdperson_righthand": {
			"translation": [0, 2.5, 0],
			"scale": [0.375, 0.375, 0.375],
			"rotation": [75, 45, 0]
		},
		"thirdperson_lefthand": {
			"rotation": [75, 45, 0],
			"translation": [0, 2.5, 0],
			"scale": [0.375, 0.375, 0.375]
		},
		"firstperson_righthand": {
			"rotation": [0, 45, 0],
			"scale": [0.4, 0.4, 0.4],
			"translation": [0, 0, 0]
		},
		"firstperson_lefthand": {
			"rotation": [0, 225, 0],
			"translation": [0, 0, 0],
			"scale": [0.4, 0.4, 0.4]
		},
		"head": {
			"scale": [1.6, 1.6, 1.6],
			"translation": [0, -43.2, 0]
		},
		"ground": {
			"scale": [0.25, 0.25, 0.25],
			"rotation": [0, 0, 0],
			"translation": [0, 3, 0]
		},
		"fixed": {
			"scale": [0.5, 0.5, 0.5],
			"rotation": [0, 0, 0],
			"translation": [0, 0, 0]
		},
		"gui": {
			"translation": [0, 0, 0],
			"rotation": [30, 225, 0],
			"scale": [0.625, 0.625, 0.625]
		}
	}
}