{
	"credit": "Made with Blockbench, a free, modern block model editor by JannisX11",
	"textures": {
		"0": "blocks/skymode4/seared_bricks",
		"1": "blocks/skymode4/seared_cast_top",
		"2": "items/skymode4/rod_mold",
		"particle": "blocks/skymode4/seared_bricks"
	},
	"elements": [
		{
			"name": "bottom",
			"from": [2, 8, 2],
			"to": [14, 12.5, 14],
			"faces": {
				"up": {"uv": [2, 2, 14, 14], "texture": "#1"},
				"down": {"uv": [2, 2, 14, 14], "texture": "#0"}
			},
			"rotation": {
				"origin": [8, 9, 8],
				"axis": "y",
				"angle": 0
			},
			"type": "cube"
		},
		{
			"name": "north",
			"from": [0, 8, 0],
			"to": [16, 15, 2],
			"faces": {
				"north": {"uv": [0, 1, 16, 8], "texture": "#0"},
				"east": {"uv": [14, 1, 16, 8], "texture": "#0"},
				"south": {"uv": [0, 1, 16, 8], "texture": "#0"},
				"west": {"uv": [0, 1, 2, 8], "texture": "#0"},
				"up": {"uv": [0, 0, 16, 2], "texture": "#0"},
				"down": {"uv": [0, 14, 16, 16], "texture": "#0"}
			},
			"rotation": {
				"origin": [8, 11.5, 1],
				"axis": "y",
				"angle": 0
			},
			"type": "cube"
		},
		{
			"name": "west",
			"from": [0, 8, 2],
			"to": [2, 15, 14],
			"faces": {
				"north": {"uv": [14, 1, 16, 8], "texture": "#0"},
				"east": {"uv": [14, 8, 2, 1], "texture": "#0"},
				"south": {"uv": [0, 1, 2, 8], "texture": "#0"},
				"west": {"uv": [2, 1, 14, 8], "texture": "#0"},
				"up": {"uv": [0, 2, 2, 14], "texture": "#0"},
				"down": {"uv": [0, 2, 2, 14], "texture": "#0"}
			},
			"rotation": {
				"origin": [1, 11.5, 8],
				"axis": "y",
				"angle": 0
			},
			"type": "cube"
		},
		{
			"name": "north",
			"from": [0, 8, 14],
			"to": [16, 15, 16],
			"faces": {
				"north": {"uv": [0, 1, 16, 8], "texture": "#0"},
				"east": {"uv": [0, 1, 2, 8], "texture": "#0"},
				"south": {"uv": [0, 1, 16, 8], "texture": "#0"},
				"west": {"uv": [14, 1, 16, 8], "texture": "#0"},
				"up": {"uv": [0, 14, 16, 16], "texture": "#0"},
				"down": {"uv": [0, 0, 16, 2], "texture": "#0"}
			},
			"rotation": {
				"origin": [8, 11.5, 15],
				"axis": "y",
				"angle": 0
			},
			"type": "cube"
		},
		{
			"name": "east",
			"from": [14, 8, 2],
			"to": [16, 15, 14],
			"faces": {
				"north": {"uv": [2, 1, 14, 8], "texture": "#0"},
				"east": {"uv": [2, 1, 14, 8], "texture": "#0"},
				"south": {"uv": [2, 1, 14, 8], "texture": "#0"},
				"west": {"uv": [2, 1, 14, 8], "texture": "#0"},
				"up": {"uv": [14, 2, 16, 14], "texture": "#0"},
				"down": {"uv": [14, 2, 16, 14], "texture": "#0"}
			},
			"rotation": {
				"origin": [15, 11.5, 8],
				"axis": "y",
				"angle": 0
			},
			"type": "cube"
		},
		{
			"name": "foot",
			"from": [0, 0, 0],
			"to": [2, 8, 2],
			"faces": {
				"north": {"uv": [14, 8, 16, 16], "texture": "#0"},
				"east": {"uv": [14, 8, 16, 16], "texture": "#0"},
				"south": {"uv": [0, 8, 2, 16], "texture": "#0"},
				"west": {"uv": [0, 8, 2, 16], "texture": "#0"},
				"up": {"uv": [0, 0, 2, 2], "texture": "#0"},
				"down": {"uv": [0, 14, 2, 16], "texture": "#0"}
			},
			"rotation": {
				"origin": [1, 4, 1],
				"axis": "y",
				"angle": 0
			},
			"type": "cube"
		},
		{
			"name": "foot",
			"from": [14, 0, 0],
			"to": [16, 8, 2],
			"faces": {
				"north": {"uv": [0, 8, 2, 16], "texture": "#0"},
				"east": {"uv": [14, 8, 16, 16], "texture": "#0"},
				"south": {"uv": [14, 8, 16, 16], "texture": "#0"},
				"west": {"uv": [0, 8, 2, 16], "texture": "#0"},
				"up": {"uv": [14, 0, 16, 2], "texture": "#0"},
				"down": {"uv": [14, 14, 16, 16], "texture": "#0"}
			},
			"rotation": {
				"origin": [15, 4, 1],
				"axis": "y",
				"angle": 0
			},
			"type": "cube"
		},
		{
			"name": "foot",
			"from": [14, 0, 14],
			"to": [16, 8, 16],
			"faces": {
				"north": {"uv": [0, 8, 2, 16], "texture": "#0"},
				"east": {"uv": [0, 8, 2, 16], "texture": "#0"},
				"south": {"uv": [14, 8, 16, 16], "texture": "#0"},
				"west": {"uv": [14, 8, 16, 16], "texture": "#0"},
				"up": {"uv": [14, 14, 16, 16], "texture": "#0"},
				"down": {"uv": [14, 0, 16, 2], "texture": "#0"}
			},
			"rotation": {
				"origin": [15, 4, 15],
				"axis": "y",
				"angle": 0
			},
			"type": "cube"
		},
		{
			"name": "foot",
			"from": [0, 0, 14],
			"to": [2, 8, 16],
			"faces": {
				"north": {"uv": [14, 8, 16, 16], "texture": "#0"},
				"east": {"uv": [0, 8, 2, 16], "texture": "#0"},
				"south": {"uv": [0, 8, 2, 16], "texture": "#0"},
				"west": {"uv": [14, 8, 16, 16], "texture": "#0"},
				"up": {"uv": [0, 14, 2, 16], "texture": "#0"},
				"down": {"uv": [0, 0, 2, 2], "texture": "#0"}
			},
			"rotation": {
				"origin": [1, 4, 15],
				"axis": "y",
				"angle": 0
			},
			"type": "cube"
		},
		{
			"name": "rod_mold_0",
			"from": [2, 12.5, 2],
			"to": [8, 14.5, 8],
			"faces": {
				"north": {"uv": [8, 2, 2, 3], "texture": "#2"},
				"east": {
					"uv": [7, 2, 8, 8],
					"texture": "#2",
					"rotation": 90
				},
				"south": {"uv": [2, 7, 8, 8], "texture": "#2"},
				"west": {
					"uv": [2, 2, 3, 8],
					"texture": "#2",
					"rotation": 270
				},
				"up": {"uv": [2, 2, 8, 8], "texture": "#2"},
				"down": {"uv": [2, 8, 8, 2], "texture": "#2"}
			},
			"type": "cube"
		},
		{
			"name": "rod_mold_1",
			"from": [8, 12.5, 2],
			"to": [11, 14.5, 5],
			"faces": {
				"north": {"uv": [11, 2, 8, 3], "texture": "#2"},
				"east": {
					"uv": [10, 2, 11, 5],
					"texture": "#2",
					"rotation": 90
				},
				"south": {"uv": [8, 4, 11, 5], "texture": "#2"},
				"west": {
					"uv": [8, 2, 9, 5],
					"texture": "#2",
					"rotation": 270
				},
				"up": {"uv": [8, 2, 11, 5], "texture": "#2"},
				"down": {"uv": [8, 5, 11, 2], "texture": "#2"}
			},
			"type": "cube"
		},
		{
			"name": "rod_mold_2",
			"from": [11, 12.5, 2],
			"to": [14, 14.5, 4],
			"faces": {
				"north": {"uv": [14, 2, 11, 3], "texture": "#2"},
				"east": {
					"uv": [13, 2, 14, 4],
					"texture": "#2",
					"rotation": 90
				},
				"south": {"uv": [11, 3, 14, 4], "texture": "#2"},
				"west": {
					"uv": [11, 2, 12, 4],
					"texture": "#2",
					"rotation": 270
				},
				"up": {"uv": [11, 2, 14, 4], "texture": "#2"},
				"down": {"uv": [11, 4, 14, 2], "texture": "#2"}
			},
			"type": "cube"
		},
		{
			"name": "rod_mold_3",
			"from": [12, 12.5, 4],
			"to": [14, 14.5, 14],
			"faces": {
				"north": {"uv": [14, 4, 12, 5], "texture": "#2"},
				"east": {
					"uv": [13, 4, 14, 14],
					"texture": "#2",
					"rotation": 90
				},
				"south": {"uv": [12, 13, 14, 14], "texture": "#2"},
				"west": {
					"uv": [12, 4, 13, 14],
					"texture": "#2",
					"rotation": 270
				},
				"up": {"uv": [12, 4, 14, 14], "texture": "#2"},
				"down": {"uv": [12, 14, 14, 4], "texture": "#2"}
			},
			"type": "cube"
		},
		{
			"name": "rod_mold_4",
			"from": [8, 12.5, 5],
			"to": [10, 14.5, 6],
			"faces": {
				"north": {"uv": [10, 5, 8, 6], "texture": "#2"},
				"east": {
					"uv": [9, 5, 10, 6],
					"texture": "#2",
					"rotation": 90
				},
				"south": {"uv": [8, 5, 10, 6], "texture": "#2"},
				"west": {
					"uv": [8, 5, 9, 6],
					"texture": "#2",
					"rotation": 270
				},
				"up": {"uv": [8, 5, 10, 6], "texture": "#2"},
				"down": {"uv": [8, 6, 10, 5], "texture": "#2"}
			},
			"type": "cube"
		},
		{
			"name": "rod_mold_5",
			"from": [11, 12.5, 5],
			"to": [12, 14.5, 14],
			"faces": {
				"north": {"uv": [12, 5, 11, 6], "texture": "#2"},
				"east": {
					"uv": [11, 5, 12, 14],
					"texture": "#2",
					"rotation": 90
				},
				"south": {"uv": [11, 13, 12, 14], "texture": "#2"},
				"west": {
					"uv": [11, 5, 12, 14],
					"texture": "#2",
					"rotation": 270
				},
				"up": {"uv": [11, 5, 12, 14], "texture": "#2"},
				"down": {"uv": [11, 14, 12, 5], "texture": "#2"}
			},
			"type": "cube"
		},
		{
			"name": "rod_mold_6",
			"from": [8, 12.5, 6],
			"to": [9, 14.5, 7],
			"faces": {
				"north": {"uv": [9, 6, 8, 7], "texture": "#2"},
				"east": {
					"uv": [8, 6, 9, 7],
					"texture": "#2",
					"rotation": 90
				},
				"south": {"uv": [8, 6, 9, 7], "texture": "#2"},
				"west": {
					"uv": [8, 6, 9, 7],
					"texture": "#2",
					"rotation": 270
				},
				"up": {"uv": [8, 6, 9, 7], "texture": "#2"},
				"down": {"uv": [8, 7, 9, 6], "texture": "#2"}
			},
			"type": "cube"
		},
		{
			"name": "rod_mold_7",
			"from": [10, 12.5, 6],
			"to": [11, 14.5, 14],
			"faces": {
				"north": {"uv": [11, 6, 10, 7], "texture": "#2"},
				"east": {
					"uv": [10, 6, 11, 14],
					"texture": "#2",
					"rotation": 90
				},
				"south": {"uv": [10, 13, 11, 14], "texture": "#2"},
				"west": {
					"uv": [10, 6, 11, 14],
					"texture": "#2",
					"rotation": 270
				},
				"up": {"uv": [10, 6, 11, 14], "texture": "#2"},
				"down": {"uv": [10, 14, 11, 6], "texture": "#2"}
			},
			"type": "cube"
		},
		{
			"name": "rod_mold_8",
			"from": [9, 12.5, 7],
			"to": [10, 14.5, 14],
			"faces": {
				"north": {"uv": [10, 7, 9, 8], "texture": "#2"},
				"east": {
					"uv": [9, 7, 10, 14],
					"texture": "#2",
					"rotation": 90
				},
				"south": {"uv": [9, 13, 10, 14], "texture": "#2"},
				"west": {
					"uv": [9, 7, 10, 14],
					"texture": "#2",
					"rotation": 270
				},
				"up": {"uv": [9, 7, 10, 14], "texture": "#2"},
				"down": {"uv": [9, 14, 10, 7], "texture": "#2"}
			},
			"type": "cube"
		},
		{
			"name": "rod_mold_9",
			"from": [2, 12.5, 8],
			"to": [5, 14.5, 11],
			"faces": {
				"north": {"uv": [5, 8, 2, 9], "texture": "#2"},
				"east": {
					"uv": [4, 8, 5, 11],
					"texture": "#2",
					"rotation": 90
				},
				"south": {"uv": [2, 10, 5, 11], "texture": "#2"},
				"west": {
					"uv": [2, 8, 3, 11],
					"texture": "#2",
					"rotation": 270
				},
				"up": {"uv": [2, 8, 5, 11], "texture": "#2"},
				"down": {"uv": [2, 11, 5, 8], "texture": "#2"}
			},
			"type": "cube"
		},
		{
			"name": "rod_mold_10",
			"from": [5, 12.5, 8],
			"to": [7, 14.5, 9],
			"faces": {
				"north": {"uv": [7, 8, 5, 9], "texture": "#2"},
				"east": {
					"uv": [6, 8, 7, 9],
					"texture": "#2",
					"rotation": 90
				},
				"south": {"uv": [5, 8, 7, 9], "texture": "#2"},
				"west": {
					"uv": [5, 8, 6, 9],
					"texture": "#2",
					"rotation": 270
				},
				"up": {"uv": [5, 8, 7, 9], "texture": "#2"},
				"down": {"uv": [5, 9, 7, 8], "texture": "#2"}
			},
			"type": "cube"
		},
		{
			"name": "rod_mold_11",
			"from": [8, 12.5, 8],
			"to": [9, 14.5, 14],
			"faces": {
				"north": {"uv": [9, 8, 8, 9], "texture": "#2"},
				"east": {
					"uv": [8, 8, 9, 14],
					"texture": "#2",
					"rotation": 90
				},
				"south": {"uv": [8, 13, 9, 14], "texture": "#2"},
				"west": {
					"uv": [8, 8, 9, 14],
					"texture": "#2",
					"rotation": 270
				},
				"up": {"uv": [8, 8, 9, 14], "texture": "#2"},
				"down": {"uv": [8, 14, 9, 8], "texture": "#2"}
			},
			"type": "cube"
		},
		{
			"name": "rod_mold_12",
			"from": [5, 12.5, 9],
			"to": [6, 14.5, 10],
			"faces": {
				"north": {"uv": [6, 9, 5, 10], "texture": "#2"},
				"east": {
					"uv": [5, 9, 6, 10],
					"texture": "#2",
					"rotation": 90
				},
				"south": {"uv": [5, 9, 6, 10], "texture": "#2"},
				"west": {
					"uv": [5, 9, 6, 10],
					"texture": "#2",
					"rotation": 270
				},
				"up": {"uv": [5, 9, 6, 10], "texture": "#2"},
				"down": {"uv": [5, 10, 6, 9], "texture": "#2"}
			},
			"type": "cube"
		},
		{
			"name": "rod_mold_13",
			"from": [7, 12.5, 9],
			"to": [8, 14.5, 14],
			"faces": {
				"north": {"uv": [8, 9, 7, 10], "texture": "#2"},
				"east": {
					"uv": [7, 9, 8, 14],
					"texture": "#2",
					"rotation": 90
				},
				"south": {"uv": [7, 13, 8, 14], "texture": "#2"},
				"west": {
					"uv": [7, 9, 8, 14],
					"texture": "#2",
					"rotation": 270
				},
				"up": {"uv": [7, 9, 8, 14], "texture": "#2"},
				"down": {"uv": [7, 14, 8, 9], "texture": "#2"}
			},
			"type": "cube"
		},
		{
			"name": "rod_mold_14",
			"from": [6, 12.5, 10],
			"to": [7, 14.5, 14],
			"faces": {
				"north": {"uv": [7, 10, 6, 11], "texture": "#2"},
				"east": {
					"uv": [6, 10, 7, 14],
					"texture": "#2",
					"rotation": 90
				},
				"south": {"uv": [6, 13, 7, 14], "texture": "#2"},
				"west": {
					"uv": [6, 10, 7, 14],
					"texture": "#2",
					"rotation": 270
				},
				"up": {"uv": [6, 10, 7, 14], "texture": "#2"},
				"down": {"uv": [6, 14, 7, 10], "texture": "#2"}
			},
			"type": "cube"
		},
		{
			"name": "rod_mold_15",
			"from": [2, 12.5, 11],
			"to": [4, 14.5, 14],
			"faces": {
				"north": {"uv": [4, 11, 2, 12], "texture": "#2"},
				"east": {
					"uv": [3, 11, 4, 14],
					"texture": "#2",
					"rotation": 90
				},
				"south": {"uv": [2, 13, 4, 14], "texture": "#2"},
				"west": {
					"uv": [2, 11, 3, 14],
					"texture": "#2",
					"rotation": 270
				},
				"up": {"uv": [2, 11, 4, 14], "texture": "#2"},
				"down": {"uv": [2, 14, 4, 11], "texture": "#2"}
			},
			"type": "cube"
		},
		{
			"name": "rod_mold_16",
			"from": [5, 12.5, 11],
			"to": [6, 14.5, 14],
			"faces": {
				"north": {"uv": [6, 11, 5, 12], "texture": "#2"},
				"east": {
					"uv": [5, 11, 6, 14],
					"texture": "#2",
					"rotation": 90
				},
				"south": {"uv": [5, 13, 6, 14], "texture": "#2"},
				"west": {
					"uv": [5, 11, 6, 14],
					"texture": "#2",
					"rotation": 270
				},
				"up": {"uv": [5, 11, 6, 14], "texture": "#2"},
				"down": {"uv": [5, 14, 6, 11], "texture": "#2"}
			},
			"type": "cube"
		},
		{
			"name": "rod_mold_17",
			"from": [4, 12.5, 12],
			"to": [5, 14.5, 14],
			"faces": {
				"north": {"uv": [5, 12, 4, 13], "texture": "#2"},
				"east": {
					"uv": [4, 12, 5, 14],
					"texture": "#2",
					"rotation": 90
				},
				"south": {"uv": [4, 13, 5, 14], "texture": "#2"},
				"west": {
					"uv": [4, 12, 5, 14],
					"texture": "#2",
					"rotation": 270
				},
				"up": {"uv": [4, 12, 5, 14], "texture": "#2"},
				"down": {"uv": [4, 14, 5, 12], "texture": "#2"}
			},
			"type": "cube"
		}
	],
	"groups": [
		0,
		1,
		2,
		3,
		4,
		5,
		6,
		7,
		8,
		{
			"name": "rod_mold",
			"display": {"visibility": true, "autouv": true},
			"children": [
				9,
				10,
				11,
				12,
				13,
				14,
				15,
				16,
				17,
				18,
				19,
				20,
				21,
				22,
				23,
				24,
				25,
				26
			]
		}
	],
	"display": {
		"thirdperson_righthand": {
			"translation": [0, 2.5, 0],
			"scale": [0.375, 0.375, 0.375],
			"rotation": [75, 45, 0]
		},
		"thirdperson_lefthand": {
			"rotation": [75, 45, 0],
			"translation": [0, 2.5, 0],
			"scale": [0.375, 0.375, 0.375]
		},
		"firstperson_righthand": {
			"rotation": [0, 45, 0],
			"scale": [0.4, 0.4, 0.4],
			"translation": [0, 0, 0]
		},
		"firstperson_lefthand": {
			"rotation": [0, 225, 0],
			"translation": [0, 0, 0],
			"scale": [0.4, 0.4, 0.4]
		},
		"head": {
			"scale": [1.6, 1.6, 1.6],
			"translation": [0, -43.2, 0]
		},
		"ground": {
			"scale": [0.25, 0.25, 0.25],
			"rotation": [0, 0, 0],
			"translation": [0, 3, 0]
		},
		"fixed": {
			"scale": [0.5, 0.5, 0.5],
			"rotation": [0, 0, 0],
			"translation": [0, 0, 0]
		},
		"gui": {
			"translation": [0, 0, 0],
			"rotation": [30, 225, 0],
			"scale": [0.625, 0.625, 0.625]
		}
	}
}