{
	"credit": "Made with Blockbench, a free, modern block model editor by JannisX11",
	"textures": {"1": "blocks/skymode4/molten_steel_flow"},
	"elements": [
		{
			"name": "cube",
			"from": [1, 11, 6],
			"to": [9, 13, 10],
			"faces": {
				"north": {"uv": [7, 3, 15, 5], "texture": "#1"},
				"east": {"uv": [6, 3, 10, 5], "texture": "#1"},
				"south": {"uv": [1, 3, 9, 5], "texture": "#1"},
				"up": {
					"uv": [1, 4, 5, 12],
					"texture": "#1",
					"rotation": 270
				}
			}
		},
		{
			"name": "cube",
			"from": [7, 2, 6],
			"to": [9, 11, 10],
			"faces": {
				"north": {"uv": [7, 5, 9, 14], "texture": "#1"},
				"east": {"uv": [6, 5, 10, 14], "texture": "#1"},
				"south": {"uv": [7, 5, 9, 14], "texture": "#1"},
				"west": {"uv": [6, 5, 10, 14], "texture": "#1"}
			}
		}
	],
	"groups": [
		{
			"name": "group",
			"origin": [8, 8, 8],
			"isOpen": true,
			"display": {
				"visibility": true,
				"export": true,
				"autouv": true
			},
			"children": [0, 1]
		}
	],
	"display": {
		"thirdperson_righthand": {
			"translation": [0, 2.5, 0],
			"scale": [0.375, 0.375, 0.375],
			"rotation": [75, 45, 0]
		},
		"thirdperson_lefthand": {
			"rotation": [75, 45, 0],
			"translation": [0, 2.5, 0],
			"scale": [0.375, 0.375, 0.375]
		},
		"firstperson_righthand": {
			"rotation": [0, 45, 0],
			"scale": [0.4, 0.4, 0.4],
			"translation": [0, 0, 0]
		},
		"firstperson_lefthand": {
			"rotation": [0, 225, 0],
			"translation": [0, 0, 0],
			"scale": [0.4, 0.4, 0.4]
		},
		"head": {
			"scale": [1.6, 1.6, 1.6],
			"translation": [-3.3, -53.5, 0]
		},
		"ground": {
			"scale": [0.25, 0.25, 0.25],
			"rotation": [0, 0, 0],
			"translation": [0, 3, 0]
		},
		"fixed": {
			"scale": [0.5, 0.5, 0.5],
			"rotation": [0, 0, 0],
			"translation": [0, 0, 0]
		},
		"gui": {
			"translation": [0, 0, 0],
			"rotation": [30, 225, 0],
			"scale": [0.625, 0.625, 0.625]
		}
	}
}