{
    "textures": {
        "0": "blocks/skymode4/trc_sorter_side",
		"1": "blocks/skymode4/trc_input",
		"2": "blocks/skymode4/trc_output",
		"3": "blocks/hopper_outside"
    },
    "elements": [
        {
            "name": "Cube",
            "from": [ 0.0, 8.0, 0.0 ], 
            "to": [ 16.0, 16.0, 16.0 ], 
            "faces": {
                "north": { "texture": "#0"},
                "east": { "texture": "#0"},
                "south": { "texture": "#0"},
                "west": { "texture": "#0"},
                "up": { "texture": "#1"},
                "down": { "texture": "#2"}
            }
        },
        {   "from": [ 4, 3, 4 ],
            "to": [ 12, 10, 12 ],
            "faces": {
               "down":  { "texture": "#3" },
                "up":    { "texture": "#3" },
                "north": { "texture": "#3" },
                "south": { "texture": "#3" },
                "west":  { "texture": "#3" },
                "east":  { "texture": "#3" }
            }
        },
        {   "from": [ 6, 0, 6 ],
            "to": [ 10, 4, 10 ],
            "faces": {
                "down":  { "texture": "#3" },
                "up":    { "texture": "#3" },
                "north": { "texture": "#3" },
                "south": { "texture": "#3" },
                "west":  { "texture": "#3" },
                "east":  { "texture": "#3" }
            }
        }
    ],"display": {
    "thirdperson_righthand": {"rotation": [ 0, 0, 0 ],"translation": [ 0, 3, 1 ],"scale": [ 0.55, 0.55, 0.55 ]},
    "firstperson_righthand": {"rotation": [ 0, -90, 25 ],"translation": [ 1.13, 3.2, 1.13],"scale": [ 0.68, 0.68, 0.68 ]},
    "gui": {"rotation": [ 30, 45, 0 ], "translation": [ 0, 0, 0 ], "scale": [ 0.65, 0.65, 0.65 ]},
    "ground": {"rotation": [ 0, 0, 180], "translation": [ 0, 0, 0 ], "scale":[1,1,1]},
    "head": { "translation": [ 0, -30.43, 0 ], "scale": [ 1.605, 1.605, 1.605 ]},
    "fixed": {"rotation": [ 0, 0, 0], "translation": [ 0, 0, 0 ], "scale":[1,1,1]}
}
}