{
	"credit": "Made with Blockbench, a free, modern block model editor by JannisX11",
	"textures": {
		"1": "blocks/skymode4/mold",
		"3": "blocks/skymode4/mold_pickaxe",
		"particle": "blocks/skymode4/mold"
	},
	"elements": [
		{
			"name": "cube",
			"from": [2, 2, 2],
			"to": [14, 4, 4],
			"faces": {
				"north": {"uv": [2, 12, 14, 14], "texture": "#1"},
				"east": {"uv": [12, 12, 14, 14], "texture": "#1"},
				"south": {"uv": [2, 4, 14, 6], "texture": "#1"},
				"west": {"uv": [2, 12, 4, 14], "texture": "#1"},
				"up": {"uv": [2, 2, 14, 4], "texture": "#3"},
				"down": {"uv": [2, 12, 14, 14], "texture": "#1"}
			},
			"type": "cube"
		},
		{
			"name": "cube",
			"from": [2, 2, 13],
			"to": [14, 4, 14],
			"faces": {
				"north": {"uv": [2, 12, 14, 14], "texture": "#1"},
				"east": {"uv": [3, 14, 2, 12], "texture": "#1"},
				"south": {"uv": [2, 12, 14, 14], "texture": "#1"},
				"west": {"uv": [13, 12, 14, 14], "texture": "#1"},
				"up": {"uv": [2, 13, 14, 14], "texture": "#1"},
				"down": {"uv": [2, 2, 14, 3], "texture": "#1"}
			},
			"type": "cube"
		},
		{
			"name": "cube",
			"from": [2, 2, 4],
			"to": [3, 4, 13],
			"faces": {
				"east": {"uv": [3, 5, 12, 7], "texture": "#1"},
				"west": {"uv": [4, 12, 13, 14], "texture": "#1"},
				"up": {"uv": [2, 4, 3, 13], "texture": "#1"},
				"down": {"uv": [2, 3, 3, 12], "texture": "#1"}
			},
			"type": "cube"
		},
		{
			"name": "cube",
			"from": [3, 2, 8],
			"to": [4, 4, 13],
			"faces": {
				"north": {"uv": [12, 12, 13, 14], "texture": "#1"},
				"east": {"uv": [4, 10, 9, 12], "texture": "#1"},
				"west": {"uv": [8, 12, 13, 14], "texture": "#1"},
				"up": {"uv": [3, 8, 4, 13], "texture": "#3"},
				"down": {"uv": [3, 3, 4, 8], "texture": "#1"}
			},
			"type": "cube"
		},
		{
			"name": "cube",
			"from": [4, 2, 12],
			"to": [8, 4, 13],
			"faces": {
				"north": {"uv": [8, 12, 12, 14], "texture": "#1"},
				"east": {"uv": [5, 11, 6, 13], "texture": "#1"},
				"west": {"uv": [12, 12, 13, 14], "texture": "#1"},
				"up": {"uv": [4, 12, 8, 13], "texture": "#3"},
				"down": {"uv": [4, 3, 8, 4], "texture": "#1"}
			},
			"type": "cube"
		},
		{
			"name": "cube",
			"from": [4, 2, 10],
			"to": [5, 4, 12],
			"faces": {
				"north": {"uv": [11, 12, 12, 14], "texture": "#1"},
				"east": {"uv": [10, 6, 12, 8], "texture": "#1"},
				"west": {"uv": [10, 12, 12, 14], "texture": "#1"},
				"up": {"uv": [4, 10, 5, 12], "texture": "#3"},
				"down": {"uv": [4, 4, 5, 6], "texture": "#1"}
			},
			"type": "cube"
		},
		{
			"name": "cube",
			"from": [5, 2, 11],
			"to": [6, 4, 12],
			"faces": {
				"north": {"uv": [10, 12, 11, 14], "texture": "#1"},
				"east": {"uv": [10, 9, 11, 11], "texture": "#1"},
				"west": {"uv": [11, 12, 12, 14], "texture": "#1"},
				"up": {"uv": [5, 11, 6, 12], "texture": "#3"},
				"down": {"uv": [5, 4, 6, 5], "texture": "#1"}
			},
			"type": "cube"
		},
		{
			"name": "cube",
			"from": [12, 2, 4],
			"to": [14, 4, 13],
			"faces": {
				"east": {"uv": [3, 12, 12, 14], "texture": "#1"},
				"west": {"uv": [4, 12, 13, 14], "texture": "#1"},
				"up": {"uv": [12, 4, 14, 13], "texture": "#3"},
				"down": {"uv": [12, 3, 14, 12], "texture": "#1"}
			},
			"type": "cube"
		},
		{
			"name": "cube",
			"from": [6, 2, 4],
			"to": [12, 4, 10],
			"faces": {
				"east": {"uv": [0, 0, 0, 0], "texture": "#1"},
				"south": {"uv": [5, 9, 11, 11], "texture": "#1"},
				"west": {"uv": [4, 12, 10, 14], "texture": "#1"},
				"up": {"uv": [6, 4, 12, 10], "texture": "#3"},
				"down": {"uv": [6, 6, 12, 12], "texture": "#1"}
			},
			"type": "cube"
		},
		{
			"name": "cube",
			"from": [5, 2, 4],
			"to": [6, 4, 9],
			"faces": {
				"east": {"uv": [0, 0, 0, 0], "texture": "#1"},
				"south": {"uv": [4, 6, 5, 8], "texture": "#1"},
				"west": {"uv": [4, 12, 9, 14], "texture": "#1"},
				"up": {"uv": [5, 4, 6, 9], "texture": "#3"},
				"down": {"uv": [5, 7, 6, 12], "texture": "#1"}
			},
			"type": "cube"
		},
		{
			"name": "cube",
			"from": [7, 2, 10],
			"to": [12, 4, 11],
			"faces": {
				"east": {"uv": [0, 0, 0, 0], "texture": "#1"},
				"south": {"uv": [5, 9, 10, 11], "texture": "#1"},
				"west": {"uv": [10, 12, 11, 14], "texture": "#1"},
				"up": {"uv": [7, 10, 12, 11], "texture": "#3"},
				"down": {"uv": [7, 5, 12, 6], "texture": "#1"}
			},
			"type": "cube"
		},
		{
			"name": "cube",
			"from": [4, 2, 4],
			"to": [5, 4, 7],
			"faces": {
				"east": {"uv": [0, 0, 0, 0], "texture": "#1"},
				"south": {"uv": [5, 5, 6, 7], "texture": "#1"},
				"west": {"uv": [4, 12, 7, 14], "texture": "#1"},
				"up": {"uv": [4, 4, 5, 7], "texture": "#3"},
				"down": {"uv": [4, 9, 5, 12], "texture": "#1"}
			},
			"type": "cube"
		},
		{
			"name": "cube",
			"from": [9, 2, 11],
			"to": [12, 4, 12],
			"faces": {
				"east": {"uv": [0, 0, 0, 0], "texture": "#1"},
				"south": {"uv": [4, 8, 7, 10], "texture": "#1"},
				"west": {"uv": [11, 12, 12, 14], "texture": "#1"},
				"up": {"uv": [9, 11, 12, 12], "texture": "#3"},
				"down": {"uv": [9, 4, 12, 5], "texture": "#1"}
			},
			"type": "cube"
		}
	],
	"groups": [
		{
			"name": "mold",
			"isOpen": true,
			"display": {"visibility": true, "autouv": true},
			"children": [
				0,
				1,
				2,
				3,
				4,
				5,
				6,
				7,
				8,
				9,
				10,
				11,
				12
			]
		}
	],
	"display": {
		"thirdperson_righthand": {
			"translation": [0, 2.5, 0],
			"scale": [0.375, 0.375, 0.375],
			"rotation": [75, 45, 0]
		},
		"thirdperson_lefthand": {
			"rotation": [75, 45, 0],
			"translation": [0, 2.5, 0],
			"scale": [0.375, 0.375, 0.375]
		},
		"firstperson_righthand": {
			"rotation": [0, 45, 0],
			"scale": [0.4, 0.4, 0.4],
			"translation": [0, 0, 0]
		},
		"firstperson_lefthand": {
			"rotation": [0, 225, 0],
			"translation": [0, 0, 0],
			"scale": [0.4, 0.4, 0.4]
		},
		"head": {
			"scale": [1.6, 1.6, 1.6],
			"translation": [0, -43.2, 0]
		},
		"ground": {
			"scale": [0.25, 0.25, 0.25],
			"rotation": [0, 0, 0],
			"translation": [0, 3, 0]
		},
		"fixed": {
			"scale": [0.5, 0.5, 0.5],
			"rotation": [0, 0, 0],
			"translation": [0, 0, 0]
		},
		"gui": {
			"translation": [0, 0, 0],
			"rotation": [30, 225, 0],
			"scale": [0.625, 0.625, 0.625]
		}
	}
}