{
	"credit": "Made with Blockbench, a free, modern block model editor by JannisX11",
	"textures": {
		"0": "blocks/skymode4/farming_station_side",
		"1": "blocks/skymode4/farming_station_bottom",
		"2": "blocks/skymode4/farming_station_top",
		"particle": "blocks/skymode4/farming_station_side"
	},
	"elements": [
		{
			"name": "bottom",
			"from": [0, 0, 0],
			"to": [16, 3, 16],
			"faces": {
				"north": {"uv": [0, 13, 16, 16], "texture": "#0"},
				"east": {"uv": [0, 13, 16, 16], "texture": "#0"},
				"south": {"uv": [0, 13, 16, 16], "texture": "#0"},
				"west": {"uv": [0, 13, 16, 16], "texture": "#0"},
				"up": {"uv": [0, 0, 16, 16], "texture": "#1"},
				"down": {"uv": [0, 0, 16, 16], "texture": "#1"}
			},
			"rotation": {
				"origin": [8, 8, 8],
				"axis": "y",
				"angle": 0
			},
			"type": "cube"
		},
		{
			"name": "post1",
			"from": [1, 3, 1],
			"to": [2, 10, 2],
			"faces": {
				"north": {"uv": [14, 6, 15, 13], "texture": "#0"},
				"east": {"uv": [14, 6, 15, 13], "texture": "#0"},
				"south": {"uv": [1, 6, 2, 13], "texture": "#0"},
				"west": {"uv": [1, 6, 2, 13], "texture": "#0"},
				"up": {"uv": [0, 0, 1, 1], "texture": "#missing"},
				"down": {"uv": [0, 0, 1, 1], "texture": "#missing"}
			},
			"rotation": {
				"origin": [8, 8, 8],
				"axis": "y",
				"angle": 0
			},
			"type": "cube"
		},
		{
			"name": "post2",
			"from": [14, 3, 1],
			"to": [15, 10, 2],
			"faces": {
				"north": {"uv": [1, 6, 2, 13], "texture": "#0"},
				"east": {"uv": [14, 6, 15, 13], "texture": "#0"},
				"south": {"uv": [14, 6, 15, 13], "texture": "#0"},
				"west": {"uv": [1, 6, 2, 13], "texture": "#0"},
				"up": {"uv": [0, 0, 1, 1], "texture": "#missing"},
				"down": {"uv": [0, 0, 1, 1], "texture": "#missing"}
			},
			"rotation": {
				"origin": [8, 8, 8],
				"axis": "y",
				"angle": 0
			},
			"type": "cube"
		},
		{
			"name": "post3",
			"from": [14, 3, 14],
			"to": [15, 10, 15],
			"faces": {
				"north": {"uv": [1, 6, 2, 13], "texture": "#0"},
				"east": {"uv": [1, 6, 2, 13], "texture": "#0"},
				"south": {"uv": [14, 6, 15, 13], "texture": "#0"},
				"west": {"uv": [14, 6, 15, 13], "texture": "#0"},
				"up": {"uv": [0, 0, 1, 1], "texture": "#missing"},
				"down": {"uv": [0, 0, 1, 1], "texture": "#missing"}
			},
			"rotation": {
				"origin": [8, 8, 8],
				"axis": "y",
				"angle": 0
			},
			"type": "cube"
		},
		{
			"name": "post4",
			"from": [1, 3, 14],
			"to": [2, 10, 15],
			"faces": {
				"north": {"uv": [14, 6, 15, 13], "texture": "#0"},
				"east": {"uv": [1, 6, 2, 13], "texture": "#0"},
				"south": {"uv": [1, 6, 2, 13], "texture": "#0"},
				"west": {"uv": [14, 6, 15, 13], "texture": "#0"},
				"up": {"uv": [0, 0, 1, 1], "texture": "#missing"},
				"down": {"uv": [0, 0, 1, 1], "texture": "#missing"}
			},
			"rotation": {
				"origin": [8, 8, 8],
				"axis": "y",
				"angle": 0
			},
			"type": "cube"
		},
		{
			"name": "top",
			"from": [0, 10, 0],
			"to": [16, 16, 16],
			"faces": {
				"north": {"uv": [0, 0, 16, 6], "texture": "#0"},
				"east": {"uv": [0, 0, 16, 6], "texture": "#0"},
				"south": {"uv": [0, 0, 16, 6], "texture": "#0"},
				"west": {"uv": [0, 0, 16, 6], "texture": "#0"},
				"up": {"uv": [0, 0, 16, 16], "texture": "#2"},
				"down": {"uv": [0, 0, 16, 16], "texture": "#1"}
			},
			"type": "cube"
		},
		{
			"name": "middle",
			"from": [3, 3, 3],
			"to": [13, 10, 13],
			"faces": {
				"north": {"uv": [3, 6, 13, 13], "texture": "#0"},
				"east": {"uv": [3, 6, 13, 13], "texture": "#0"},
				"south": {"uv": [3, 6, 13, 13], "texture": "#0"},
				"west": {"uv": [3, 6, 13, 13], "texture": "#0"},
				"up": {"uv": [0, 0, 10, 10], "texture": "#missing"},
				"down": {
					"uv": [0, 0, 10, 10],
					"texture": "#missing"
				}
			},
			"type": "cube"
		}
	],
	"display": {
		"head": {
			"scale": [1.605, 1.605, 1.605],
			"translation": [0, -43.2, 0]
		},
		"thirdperson_righthand": {
			"scale": [0.375, 0.375, 0.375],
			"rotation": [75, 45, 0],
			"translation": [0, 2.5, 0]
		},
		"thirdperson_lefthand": {
			"scale": [0.375, 0.375, 0.375],
			"rotation": [75, 45, 0],
			"translation": [0, 2.5, 0]
		},
		"firstperson_righthand": {
			"scale": [0.4, 0.4, 0.4],
			"rotation": [0, 45, 0],
			"translation": [0, 0, 0]
		},
		"firstperson_lefthand": {
			"scale": [0.4, 0.4, 0.4],
			"rotation": [0, 225, 0],
			"translation": [0, 0, 0]
		},
		"ground": {
			"scale": [0.25, 0.25, 0.25],
			"rotation": [0, 0, 0],
			"translation": [0, 3, 0]
		},
		"fixed": {
			"scale": [0.5, 0.5, 0.5],
			"rotation": [0, 0, 0],
			"translation": [0, 0, 0]
		},
		"gui": {
			"scale": [0.625, 0.625, 0.625],
			"rotation": [30, 225, 0],
			"translation": [0, 0, 0]
		}
	}
}