{
	"parent": "item/handheld",
	"textures": {
		"layer0": "items/iron_sword"
	},
	"overrides": [
		{ "predicate": { "damage": 0 }, "model": "item/iron_sword" },
		{ "predicate": { "damaged": 0, "damage": 0.00398406374502 }, "model": "item/skymode4/iron_sword_0" },
		{ "predicate": { "damaged": 0, "damage": 0.00796812749004 }, "model": "item/skymode4/iron_sword_0" },
		{ "predicate": { "damaged": 0, "damage": 0.01195219123506 }, "model": "item/skymode4/iron_sword_0" },
		{ "predicate": { "damaged": 0, "damage": 0.01593625498008 }, "model": "item/skymode4/iron_sword_0" },
		{ "predicate": { "damaged": 0, "damage": 0.0199203187251 }, "model": "item/skymode4/copper_sword_0" },
		{ "predicate": { "damaged": 0, "damage": 0.02390438247012 }, "model": "item/skymode4/copper_sword_0" },
		{ "predicate": { "damaged": 0, "damage": 0.027888446215139 }, "model": "item/skymode4/copper_sword_0" },
		{ "predicate": { "damaged": 0, "damage": 0.031872509960159 }, "model": "item/skymode4/copper_sword_0" },
		{ "predicate": { "damaged": 0, "damage": 0.035856573705179 }, "model": "item/skymode4/bronze_sword_0" },
		{ "predicate": { "damaged": 0, "damage": 0.039840637450199 }, "model": "item/skymode4/bronze_sword_0" },
		{ "predicate": { "damaged": 0, "damage": 0.043824701195219 }, "model": "item/skymode4/bronze_sword_0" },
		{ "predicate": { "damaged": 0, "damage": 0.047808764940239 }, "model": "item/skymode4/bronze_sword_0" },
		{ "predicate": { "damaged": 0, "damage": 0.051792828685259 }, "model": "item/skymode4/brass_sword_0" },
		{ "predicate": { "damaged": 0, "damage": 0.055776892430279 }, "model": "item/skymode4/brass_sword_0" },
		{ "predicate": { "damaged": 0, "damage": 0.059760956175299 }, "model": "item/skymode4/brass_sword_0" },
		{ "predicate": { "damaged": 0, "damage": 0.063745019920319 }, "model": "item/skymode4/brass_sword_0" },
		{ "predicate": { "damaged": 0, "damage": 0.067729083665339 }, "model": "item/iron_sword" },
		{ "predicate": { "damaged": 0, "damage": 0.071713147410359 }, "model": "item/iron_sword" },
		{ "predicate": { "damaged": 0, "damage": 0.075697211155378 }, "model": "item/iron_sword" },
		{ "predicate": { "damaged": 0, "damage": 0.079681274900398 }, "model": "item/iron_sword" },
		{ "predicate": { "damaged": 0, "damage": 0.083665338645418 }, "model": "item/iron_sword" },
		{ "predicate": { "damaged": 0, "damage": 0.087649402390438 }, "model": "item/iron_sword" },
		{ "predicate": { "damaged": 0, "damage": 0.091633466135458 }, "model": "item/iron_sword" },
		{ "predicate": { "damaged": 0, "damage": 0.095617529880478 }, "model": "item/iron_sword" },
		{ "predicate": { "damaged": 0, "damage": 0.099601593625498 }, "model": "item/iron_sword" },
		{ "predicate": { "damaged": 0, "damage": 0.103585657370518 }, "model": "item/iron_sword" },
		{ "predicate": { "damaged": 0, "damage": 0.107569721115538 }, "model": "item/iron_sword" },
		{ "predicate": { "damaged": 0, "damage": 0.111553784860558 }, "model": "item/iron_sword" },
		{ "predicate": { "damaged": 0, "damage": 0.115537848605578 }, "model": "item/iron_sword" },
		{ "predicate": { "damaged": 0, "damage": 0.119521912350598 }, "model": "item/iron_sword" },
		{ "predicate": { "damaged": 0, "damage": 0.123505976095618 }, "model": "item/iron_sword" },
		{ "predicate": { "damaged": 0, "damage": 0.127490039840637 }, "model": "item/iron_sword" },
		{ "predicate": { "damaged": 0, "damage": 0.131474103585657 }, "model": "item/iron_sword" },
		{ "predicate": { "damaged": 0, "damage": 0.135458167330677 }, "model": "item/iron_sword" },
		{ "predicate": { "damaged": 0, "damage": 0.139442231075697 }, "model": "item/iron_sword" },
		{ "predicate": { "damaged": 0, "damage": 0.143426294820717 }, "model": "item/iron_sword" },
		{ "predicate": { "damaged": 0, "damage": 0.147410358565737 }, "model": "item/iron_sword" },
		{ "predicate": { "damaged": 0, "damage": 0.151394422310757 }, "model": "item/iron_sword" },
		{ "predicate": { "damaged": 0, "damage": 0.155378486055777 }, "model": "item/iron_sword" },
		{ "predicate": { "damaged": 0, "damage": 0.159362549800797 }, "model": "item/iron_sword" },
		{ "predicate": { "damaged": 0, "damage": 0.163346613545817 }, "model": "item/iron_sword" },
		{ "predicate": { "damaged": 0, "damage": 0.167330677290837 }, "model": "item/iron_sword" },
		{ "predicate": { "damaged": 0, "damage": 0.171314741035857 }, "model": "item/iron_sword" },
		{ "predicate": { "damaged": 0, "damage": 0.175298804780877 }, "model": "item/iron_sword" },
		{ "predicate": { "damaged": 0, "damage": 0.179282868525896 }, "model": "item/iron_sword" },
		{ "predicate": { "damaged": 0, "damage": 0.183266932270916 }, "model": "item/iron_sword" },
		{ "predicate": { "damaged": 0, "damage": 0.187250996015936 }, "model": "item/iron_sword" },
		{ "predicate": { "damaged": 0, "damage": 0.191235059760956 }, "model": "item/iron_sword" },
		{ "predicate": { "damaged": 0, "damage": 0.195219123505976 }, "model": "item/iron_sword" },
		{ "predicate": { "damaged": 0, "damage": 0.199203187250996 }, "model": "item/iron_sword" },
		{ "predicate": { "damaged": 0, "damage": 0.203187250996016 }, "model": "item/iron_sword" },
		{ "predicate": { "damaged": 0, "damage": 0.207171314741036 }, "model": "item/iron_sword" },
		{ "predicate": { "damaged": 0, "damage": 0.211155378486056 }, "model": "item/iron_sword" },
		{ "predicate": { "damaged": 0, "damage": 0.215139442231076 }, "model": "item/iron_sword" },
		{ "predicate": { "damaged": 0, "damage": 0.219123505976096 }, "model": "item/iron_sword" },
		{ "predicate": { "damaged": 0, "damage": 0.223107569721116 }, "model": "item/iron_sword" },
		{ "predicate": { "damaged": 0, "damage": 0.227091633466135 }, "model": "item/iron_sword" },
		{ "predicate": { "damaged": 0, "damage": 0.231075697211155 }, "model": "item/iron_sword" },
		{ "predicate": { "damaged": 0, "damage": 0.235059760956175 }, "model": "item/iron_sword" },
		{ "predicate": { "damaged": 0, "damage": 0.239043824701195 }, "model": "item/iron_sword" },
		{ "predicate": { "damaged": 0, "damage": 0.243027888446215 }, "model": "item/iron_sword" },
		{ "predicate": { "damaged": 0, "damage": 0.247011952191235 }, "model": "item/iron_sword" },
		{ "predicate": { "damaged": 0, "damage": 0.250996015936255 }, "model": "item/iron_sword" },
		{ "predicate": { "damaged": 0, "damage": 0.254980079681275 }, "model": "item/iron_sword" },
		{ "predicate": { "damaged": 0, "damage": 0.258964143426295 }, "model": "item/iron_sword" },
		{ "predicate": { "damaged": 0, "damage": 0.262948207171315 }, "model": "item/iron_sword" },
		{ "predicate": { "damaged": 0, "damage": 0.266932270916335 }, "model": "item/iron_sword" },
		{ "predicate": { "damaged": 0, "damage": 0.270916334661355 }, "model": "item/iron_sword" },
		{ "predicate": { "damaged": 0, "damage": 0.274900398406374 }, "model": "item/iron_sword" },
		{ "predicate": { "damaged": 0, "damage": 0.278884462151394 }, "model": "item/iron_sword" },
		{ "predicate": { "damaged": 0, "damage": 0.282868525896414 }, "model": "item/iron_sword" },
		{ "predicate": { "damaged": 0, "damage": 0.286852589641434 }, "model": "item/iron_sword" },
		{ "predicate": { "damaged": 0, "damage": 0.290836653386454 }, "model": "item/iron_sword" },
		{ "predicate": { "damaged": 0, "damage": 0.294820717131474 }, "model": "item/iron_sword" },
		{ "predicate": { "damaged": 0, "damage": 0.298804780876494 }, "model": "item/iron_sword" },
		{ "predicate": { "damaged": 0, "damage": 0.302788844621514 }, "model": "item/iron_sword" },
		{ "predicate": { "damaged": 0, "damage": 0.306772908366534 }, "model": "item/iron_sword" },
		{ "predicate": { "damaged": 0, "damage": 0.310756972111554 }, "model": "item/iron_sword" },
		{ "predicate": { "damaged": 0, "damage": 0.314741035856574 }, "model": "item/iron_sword" },
		{ "predicate": { "damaged": 0, "damage": 0.318725099601594 }, "model": "item/iron_sword" },
		{ "predicate": { "damaged": 0, "damage": 0.322709163346614 }, "model": "item/iron_sword" },
		{ "predicate": { "damaged": 0, "damage": 0.326693227091633 }, "model": "item/iron_sword" },
		{ "predicate": { "damaged": 0, "damage": 0.330677290836653 }, "model": "item/iron_sword" },
		{ "predicate": { "damaged": 0, "damage": 0.334661354581673 }, "model": "item/iron_sword" },
		{ "predicate": { "damaged": 0, "damage": 0.338645418326693 }, "model": "item/iron_sword" },
		{ "predicate": { "damaged": 0, "damage": 0.342629482071713 }, "model": "item/iron_sword" },
		{ "predicate": { "damaged": 0, "damage": 0.346613545816733 }, "model": "item/iron_sword" },
		{ "predicate": { "damaged": 0, "damage": 0.350597609561753 }, "model": "item/iron_sword" },
		{ "predicate": { "damaged": 0, "damage": 0.354581673306773 }, "model": "item/iron_sword" },
		{ "predicate": { "damaged": 0, "damage": 0.358565737051793 }, "model": "item/iron_sword" },
		{ "predicate": { "damaged": 0, "damage": 0.362549800796813 }, "model": "item/iron_sword" },
		{ "predicate": { "damaged": 0, "damage": 0.366533864541833 }, "model": "item/iron_sword" },
		{ "predicate": { "damaged": 0, "damage": 0.370517928286853 }, "model": "item/iron_sword" },
		{ "predicate": { "damaged": 0, "damage": 0.374501992031873 }, "model": "item/iron_sword" },
		{ "predicate": { "damaged": 0, "damage": 0.378486055776892 }, "model": "item/iron_sword" },
		{ "predicate": { "damaged": 0, "damage": 0.382470119521912 }, "model": "item/iron_sword" },
		{ "predicate": { "damaged": 0, "damage": 0.386454183266932 }, "model": "item/iron_sword" },
		{ "predicate": { "damaged": 0, "damage": 0.390438247011952 }, "model": "item/iron_sword" },
		{ "predicate": { "damaged": 0, "damage": 0.394422310756972 }, "model": "item/iron_sword" },
		{ "predicate": { "damaged": 0, "damage": 0.398406374501992 }, "model": "item/iron_sword" },
		{ "predicate": { "damaged": 0, "damage": 0.402390438247012 }, "model": "item/iron_sword" },
		{ "predicate": { "damaged": 0, "damage": 0.406374501992032 }, "model": "item/iron_sword" },
		{ "predicate": { "damaged": 0, "damage": 0.410358565737052 }, "model": "item/iron_sword" },
		{ "predicate": { "damaged": 0, "damage": 0.414342629482072 }, "model": "item/iron_sword" },
		{ "predicate": { "damaged": 0, "damage": 0.418326693227092 }, "model": "item/iron_sword" },
		{ "predicate": { "damaged": 0, "damage": 0.422310756972112 }, "model": "item/iron_sword" },
		{ "predicate": { "damaged": 0, "damage": 0.426294820717132 }, "model": "item/iron_sword" },
		{ "predicate": { "damaged": 0, "damage": 0.430278884462151 }, "model": "item/iron_sword" },
		{ "predicate": { "damaged": 0, "damage": 0.434262948207171 }, "model": "item/iron_sword" },
		{ "predicate": { "damaged": 0, "damage": 0.438247011952191 }, "model": "item/iron_sword" },
		{ "predicate": { "damaged": 0, "damage": 0.442231075697211 }, "model": "item/iron_sword" },
		{ "predicate": { "damaged": 0, "damage": 0.446215139442231 }, "model": "item/iron_sword" },
		{ "predicate": { "damaged": 0, "damage": 0.450199203187251 }, "model": "item/iron_sword" },
		{ "predicate": { "damaged": 0, "damage": 0.454183266932271 }, "model": "item/iron_sword" },
		{ "predicate": { "damaged": 0, "damage": 0.458167330677291 }, "model": "item/iron_sword" },
		{ "predicate": { "damaged": 0, "damage": 0.462151394422311 }, "model": "item/iron_sword" },
		{ "predicate": { "damaged": 0, "damage": 0.466135458167331 }, "model": "item/iron_sword" },
		{ "predicate": { "damaged": 0, "damage": 0.470119521912351 }, "model": "item/iron_sword" },
		{ "predicate": { "damaged": 0, "damage": 0.474103585657371 }, "model": "item/iron_sword" },
		{ "predicate": { "damaged": 0, "damage": 0.47808764940239 }, "model": "item/iron_sword" },
		{ "predicate": { "damaged": 0, "damage": 0.48207171314741 }, "model": "item/iron_sword" },
		{ "predicate": { "damaged": 0, "damage": 0.48605577689243 }, "model": "item/iron_sword" },
		{ "predicate": { "damaged": 0, "damage": 0.49003984063745 }, "model": "item/iron_sword" },
		{ "predicate": { "damaged": 0, "damage": 0.49402390438247 }, "model": "item/iron_sword" },
		{ "predicate": { "damaged": 0, "damage": 0.49800796812749 }, "model": "item/iron_sword" },
		{ "predicate": { "damaged": 0, "damage": 0.50199203187251 }, "model": "item/iron_sword" },
		{ "predicate": { "damaged": 0, "damage": 0.50597609561753 }, "model": "item/iron_sword" },
		{ "predicate": { "damaged": 0, "damage": 0.50996015936255 }, "model": "item/iron_sword" },
		{ "predicate": { "damaged": 0, "damage": 0.51394422310757 }, "model": "item/iron_sword" },
		{ "predicate": { "damaged": 0, "damage": 0.51792828685259 }, "model": "item/iron_sword" },
		{ "predicate": { "damaged": 0, "damage": 0.52191235059761 }, "model": "item/iron_sword" },
		{ "predicate": { "damaged": 0, "damage": 0.525896414342629 }, "model": "item/iron_sword" },
		{ "predicate": { "damaged": 0, "damage": 0.529880478087649 }, "model": "item/iron_sword" },
		{ "predicate": { "damaged": 0, "damage": 0.533864541832669 }, "model": "item/iron_sword" },
		{ "predicate": { "damaged": 0, "damage": 0.537848605577689 }, "model": "item/iron_sword" },
		{ "predicate": { "damaged": 0, "damage": 0.541832669322709 }, "model": "item/iron_sword" },
		{ "predicate": { "damaged": 0, "damage": 0.545816733067729 }, "model": "item/iron_sword" },
		{ "predicate": { "damaged": 0, "damage": 0.549800796812749 }, "model": "item/iron_sword" },
		{ "predicate": { "damaged": 0, "damage": 0.553784860557769 }, "model": "item/iron_sword" },
		{ "predicate": { "damaged": 0, "damage": 0.557768924302789 }, "model": "item/iron_sword" },
		{ "predicate": { "damaged": 0, "damage": 0.561752988047809 }, "model": "item/iron_sword" },
		{ "predicate": { "damaged": 0, "damage": 0.565737051792829 }, "model": "item/iron_sword" },
		{ "predicate": { "damaged": 0, "damage": 0.569721115537849 }, "model": "item/iron_sword" },
		{ "predicate": { "damaged": 0, "damage": 0.573705179282869 }, "model": "item/iron_sword" },
		{ "predicate": { "damaged": 0, "damage": 0.577689243027889 }, "model": "item/iron_sword" },
		{ "predicate": { "damaged": 0, "damage": 0.581673306772908 }, "model": "item/iron_sword" },
		{ "predicate": { "damaged": 0, "damage": 0.585657370517928 }, "model": "item/iron_sword" },
		{ "predicate": { "damaged": 0, "damage": 0.589641434262948 }, "model": "item/iron_sword" },
		{ "predicate": { "damaged": 0, "damage": 0.593625498007968 }, "model": "item/iron_sword" },
		{ "predicate": { "damaged": 0, "damage": 0.597609561752988 }, "model": "item/iron_sword" },
		{ "predicate": { "damaged": 0, "damage": 0.601593625498008 }, "model": "item/iron_sword" },
		{ "predicate": { "damaged": 0, "damage": 0.605577689243028 }, "model": "item/iron_sword" },
		{ "predicate": { "damaged": 0, "damage": 0.609561752988048 }, "model": "item/iron_sword" },
		{ "predicate": { "damaged": 0, "damage": 0.613545816733068 }, "model": "item/iron_sword" },
		{ "predicate": { "damaged": 0, "damage": 0.617529880478088 }, "model": "item/iron_sword" },
		{ "predicate": { "damaged": 0, "damage": 0.621513944223108 }, "model": "item/iron_sword" },
		{ "predicate": { "damaged": 0, "damage": 0.625498007968128 }, "model": "item/iron_sword" },
		{ "predicate": { "damaged": 0, "damage": 0.629482071713147 }, "model": "item/iron_sword" },
		{ "predicate": { "damaged": 0, "damage": 0.633466135458167 }, "model": "item/iron_sword" },
		{ "predicate": { "damaged": 0, "damage": 0.637450199203187 }, "model": "item/iron_sword" },
		{ "predicate": { "damaged": 0, "damage": 0.641434262948207 }, "model": "item/iron_sword" },
		{ "predicate": { "damaged": 0, "damage": 0.645418326693227 }, "model": "item/iron_sword" },
		{ "predicate": { "damaged": 0, "damage": 0.649402390438247 }, "model": "item/iron_sword" },
		{ "predicate": { "damaged": 0, "damage": 0.653386454183267 }, "model": "item/iron_sword" },
		{ "predicate": { "damaged": 0, "damage": 0.657370517928287 }, "model": "item/iron_sword" },
		{ "predicate": { "damaged": 0, "damage": 0.661354581673307 }, "model": "item/iron_sword" },
		{ "predicate": { "damaged": 0, "damage": 0.665338645418327 }, "model": "item/iron_sword" },
		{ "predicate": { "damaged": 0, "damage": 0.669322709163347 }, "model": "item/iron_sword" },
		{ "predicate": { "damaged": 0, "damage": 0.673306772908367 }, "model": "item/iron_sword" },
		{ "predicate": { "damaged": 0, "damage": 0.677290836653386 }, "model": "item/iron_sword" },
		{ "predicate": { "damaged": 0, "damage": 0.681274900398406 }, "model": "item/iron_sword" },
		{ "predicate": { "damaged": 0, "damage": 0.685258964143426 }, "model": "item/iron_sword" },
		{ "predicate": { "damaged": 0, "damage": 0.689243027888446 }, "model": "item/iron_sword" },
		{ "predicate": { "damaged": 0, "damage": 0.693227091633466 }, "model": "item/iron_sword" },
		{ "predicate": { "damaged": 0, "damage": 0.697211155378486 }, "model": "item/iron_sword" },
		{ "predicate": { "damaged": 0, "damage": 0.701195219123506 }, "model": "item/iron_sword" },
		{ "predicate": { "damaged": 0, "damage": 0.705179282868526 }, "model": "item/iron_sword" },
		{ "predicate": { "damaged": 0, "damage": 0.709163346613546 }, "model": "item/iron_sword" },
		{ "predicate": { "damaged": 0, "damage": 0.713147410358566 }, "model": "item/iron_sword" },
		{ "predicate": { "damaged": 0, "damage": 0.717131474103586 }, "model": "item/iron_sword" },
		{ "predicate": { "damaged": 0, "damage": 0.721115537848606 }, "model": "item/iron_sword" },
		{ "predicate": { "damaged": 0, "damage": 0.725099601593626 }, "model": "item/iron_sword" },
		{ "predicate": { "damaged": 0, "damage": 0.729083665338645 }, "model": "item/iron_sword" },
		{ "predicate": { "damaged": 0, "damage": 0.733067729083665 }, "model": "item/iron_sword" },
		{ "predicate": { "damaged": 0, "damage": 0.737051792828685 }, "model": "item/iron_sword" },
		{ "predicate": { "damaged": 0, "damage": 0.741035856573705 }, "model": "item/iron_sword" },
		{ "predicate": { "damaged": 0, "damage": 0.745019920318725 }, "model": "item/iron_sword" },
		{ "predicate": { "damaged": 0, "damage": 0.749003984063745 }, "model": "item/iron_sword" },
		{ "predicate": { "damaged": 0, "damage": 0.752988047808765 }, "model": "item/iron_sword" },
		{ "predicate": { "damaged": 0, "damage": 0.756972111553785 }, "model": "item/iron_sword" },
		{ "predicate": { "damaged": 0, "damage": 0.760956175298805 }, "model": "item/iron_sword" },
		{ "predicate": { "damaged": 0, "damage": 0.764940239043825 }, "model": "item/iron_sword" },
		{ "predicate": { "damaged": 0, "damage": 0.768924302788845 }, "model": "item/iron_sword" },
		{ "predicate": { "damaged": 0, "damage": 0.772908366533865 }, "model": "item/iron_sword" },
		{ "predicate": { "damaged": 0, "damage": 0.776892430278885 }, "model": "item/iron_sword" },
		{ "predicate": { "damaged": 0, "damage": 0.780876494023904 }, "model": "item/iron_sword" },
		{ "predicate": { "damaged": 0, "damage": 0.784860557768924 }, "model": "item/iron_sword" },
		{ "predicate": { "damaged": 0, "damage": 0.788844621513944 }, "model": "item/iron_sword" },
		{ "predicate": { "damaged": 0, "damage": 0.792828685258964 }, "model": "item/iron_sword" },
		{ "predicate": { "damaged": 0, "damage": 0.796812749003984 }, "model": "item/iron_sword" },
		{ "predicate": { "damaged": 0, "damage": 0.800796812749004 }, "model": "item/iron_sword" },
		{ "predicate": { "damaged": 0, "damage": 0.804780876494024 }, "model": "item/iron_sword" },
		{ "predicate": { "damaged": 0, "damage": 0.808764940239044 }, "model": "item/iron_sword" },
		{ "predicate": { "damaged": 0, "damage": 0.812749003984064 }, "model": "item/iron_sword" },
		{ "predicate": { "damaged": 0, "damage": 0.816733067729084 }, "model": "item/iron_sword" },
		{ "predicate": { "damaged": 0, "damage": 0.820717131474104 }, "model": "item/iron_sword" },
		{ "predicate": { "damaged": 0, "damage": 0.824701195219124 }, "model": "item/iron_sword" },
		{ "predicate": { "damaged": 0, "damage": 0.828685258964143 }, "model": "item/iron_sword" },
		{ "predicate": { "damaged": 0, "damage": 0.832669322709163 }, "model": "item/iron_sword" },
		{ "predicate": { "damaged": 0, "damage": 0.836653386454183 }, "model": "item/iron_sword" },
		{ "predicate": { "damaged": 0, "damage": 0.840637450199203 }, "model": "item/iron_sword" },
		{ "predicate": { "damaged": 0, "damage": 0.844621513944223 }, "model": "item/iron_sword" },
		{ "predicate": { "damaged": 0, "damage": 0.848605577689243 }, "model": "item/iron_sword" },
		{ "predicate": { "damaged": 0, "damage": 0.852589641434263 }, "model": "item/iron_sword" },
		{ "predicate": { "damaged": 0, "damage": 0.856573705179283 }, "model": "item/iron_sword" },
		{ "predicate": { "damaged": 0, "damage": 0.860557768924303 }, "model": "item/iron_sword" },
		{ "predicate": { "damaged": 0, "damage": 0.864541832669323 }, "model": "item/iron_sword" },
		{ "predicate": { "damaged": 0, "damage": 0.868525896414343 }, "model": "item/iron_sword" },
		{ "predicate": { "damaged": 0, "damage": 0.872509960159363 }, "model": "item/iron_sword" },
		{ "predicate": { "damaged": 0, "damage": 0.876494023904383 }, "model": "item/iron_sword" },
		{ "predicate": { "damaged": 0, "damage": 0.880478087649402 }, "model": "item/iron_sword" },
		{ "predicate": { "damaged": 0, "damage": 0.884462151394422 }, "model": "item/iron_sword" },
		{ "predicate": { "damaged": 0, "damage": 0.888446215139442 }, "model": "item/iron_sword" },
		{ "predicate": { "damaged": 0, "damage": 0.892430278884462 }, "model": "item/iron_sword" },
		{ "predicate": { "damaged": 0, "damage": 0.896414342629482 }, "model": "item/iron_sword" },
		{ "predicate": { "damaged": 0, "damage": 0.900398406374502 }, "model": "item/iron_sword" },
		{ "predicate": { "damaged": 0, "damage": 0.904382470119522 }, "model": "item/iron_sword" },
		{ "predicate": { "damaged": 0, "damage": 0.908366533864542 }, "model": "item/iron_sword" },
		{ "predicate": { "damaged": 0, "damage": 0.912350597609562 }, "model": "item/iron_sword" },
		{ "predicate": { "damaged": 0, "damage": 0.916334661354582 }, "model": "item/iron_sword" },
		{ "predicate": { "damaged": 0, "damage": 0.920318725099602 }, "model": "item/iron_sword" },
		{ "predicate": { "damaged": 0, "damage": 0.924302788844622 }, "model": "item/iron_sword" },
		{ "predicate": { "damaged": 0, "damage": 0.928286852589641 }, "model": "item/iron_sword" },
		{ "predicate": { "damaged": 0, "damage": 0.932270916334661 }, "model": "item/iron_sword" },
		{ "predicate": { "damaged": 0, "damage": 0.936254980079681 }, "model": "item/iron_sword" },
		{ "predicate": { "damaged": 0, "damage": 0.940239043824701 }, "model": "item/iron_sword" },
		{ "predicate": { "damaged": 0, "damage": 0.944223107569721 }, "model": "item/iron_sword" },
		{ "predicate": { "damaged": 0, "damage": 0.948207171314741 }, "model": "item/iron_sword" },
		{ "predicate": { "damaged": 0, "damage": 0.952191235059761 }, "model": "item/iron_sword" },
		{ "predicate": { "damaged": 0, "damage": 0.956175298804781 }, "model": "item/iron_sword" },
		{ "predicate": { "damaged": 0, "damage": 0.960159362549801 }, "model": "item/iron_sword" },
		{ "predicate": { "damaged": 0, "damage": 0.964143426294821 }, "model": "item/iron_sword" },
		{ "predicate": { "damaged": 0, "damage": 0.968127490039841 }, "model": "item/iron_sword" },
		{ "predicate": { "damaged": 0, "damage": 0.972111553784861 }, "model": "item/iron_sword" },
		{ "predicate": { "damaged": 0, "damage": 0.976095617529881 }, "model": "item/iron_sword" },
		{ "predicate": { "damaged": 0, "damage": 0.9800796812749 }, "model": "item/iron_sword" },
		{ "predicate": { "damaged": 0, "damage": 0.98406374501992 }, "model": "item/iron_sword" },
		{ "predicate": { "damaged": 0, "damage": 0.98804780876494 }, "model": "item/iron_sword" },
		{ "predicate": { "damaged": 0, "damage": 0.99203187250996 }, "model": "item/iron_sword" },
		{ "predicate": { "damaged": 0, "damage": 0.99601593625498 }, "model": "item/iron_sword" },
		{ "predicate": { "damaged": 1 }, "model": "item/iron_sword" }
	]
}