{
	"credit": "Made with Blockbench, a free, modern block model editor by JannisX11",
	"textures": {
		"0": "blocks/skymode4/seared_bricks",
		"2": "blocks/black_concrete",
		"particle": "blocks/skymode4/seared_bricks"
	},
	"elements": [
		{
			"name": "bottom",
			"from": [2, 0, 2],
			"to": [14, 2, 14],
			"faces": {
				"north": {"uv": [0, 0, 0, 0], "texture": "#0"},
				"east": {"uv": [0, 0, 0, 0], "texture": "#0"},
				"south": {"uv": [0, 0, 0, 0], "texture": "#0"},
				"west": {"uv": [0, 0, 0, 0], "texture": "#0"},
				"up": {"uv": [2, 2, 14, 14], "texture": "#0"},
				"down": {"uv": [2, 2, 14, 14], "texture": "#0"}
			},
			"rotation": {
				"origin": [9, 8, 9],
				"axis": "y",
				"angle": 0
			}
		},
		{
			"name": "north",
			"from": [0, 0, 0],
			"to": [16, 15, 2],
			"faces": {
				"north": {"uv": [0, 1, 16, 16], "texture": "#0"},
				"east": {"uv": [14, 1, 16, 16], "texture": "#0"},
				"south": {"uv": [1, 1, 15, 14], "texture": "#0"},
				"west": {"uv": [0, 1, 2, 16], "texture": "#0"},
				"up": {"uv": [0, 0, 16, 2], "texture": "#0"},
				"down": {"uv": [0, 14, 16, 16], "texture": "#0"}
			}
		},
		{
			"name": "east_down",
			"from": [15, 0, 2],
			"to": [16, 5, 14],
			"faces": {
				"north": {"uv": [0, 0, 0, 0], "texture": "#0"},
				"east": {"uv": [2, 11, 14, 16], "texture": "#0"},
				"south": {"uv": [0, 0, 0, 0], "texture": "#0"},
				"west": {"uv": [2, 1, 14, 14], "texture": "#0"},
				"up": {"uv": [10, 0, 11, 12], "texture": "#0"},
				"down": {"uv": [14, 2, 16, 14], "texture": "#0"}
			}
		},
		{
			"name": "west",
			"from": [0, 0, 2],
			"to": [2, 15, 14],
			"faces": {
				"north": {"uv": [0, 0, 0, 0], "texture": "#0"},
				"east": {"uv": [2, 1, 14, 14], "texture": "#0"},
				"south": {"uv": [0, 0, 0, 0], "texture": "#0"},
				"west": {"uv": [2, 1, 14, 16], "texture": "#0"},
				"up": {"uv": [0, 2, 2, 14], "texture": "#0"},
				"down": {"uv": [0, 2, 2, 14], "texture": "#0"}
			}
		},
		{
			"name": "north",
			"from": [0, 0, 14],
			"to": [16, 15, 16],
			"faces": {
				"north": {"uv": [1, 1, 15, 14], "texture": "#0"},
				"east": {"uv": [0, 1, 2, 16], "texture": "#0"},
				"south": {"uv": [0, 1, 16, 16], "texture": "#0"},
				"west": {"uv": [14, 1, 16, 16], "texture": "#0"},
				"up": {"uv": [0, 14, 16, 16], "texture": "#0"},
				"down": {"uv": [0, 0, 16, 2], "texture": "#0"}
			}
		},
		{
			"name": "cube",
			"from": [16, 4, 5],
			"to": [21, 8, 6],
			"faces": {
				"north": {"uv": [11, 12, 16, 16], "texture": "#0"},
				"east": {"uv": [9, 4, 10, 8], "texture": "#0"},
				"south": {"uv": [3, 10, 7, 13], "texture": "#0"},
				"west": {"uv": [0, 0, 1, 3], "texture": "#0"},
				"up": {"uv": [1, 5, 5, 6], "texture": "#0"},
				"down": {"uv": [9, 15, 14, 16], "texture": "#0"}
			}
		},
		{
			"name": "cube",
			"from": [16, 4, 10],
			"to": [21, 8, 11],
			"faces": {
				"north": {"uv": [1, 1, 6, 5], "texture": "#0"},
				"east": {"uv": [6, 4, 7, 8], "texture": "#0"},
				"south": {"uv": [5, 4, 10, 8], "texture": "#0"},
				"west": {"uv": [0, 0, 0, 0], "texture": "#0"},
				"up": {"uv": [0, 9, 4, 10], "texture": "#0"},
				"down": {"uv": [0, 7, 5, 8], "texture": "#0"}
			}
		},
		{
			"name": "cube",
			"from": [16, 4, 6],
			"to": [21, 5, 10],
			"faces": {
				"north": {"uv": [0, 0, 0, 0], "texture": "#0"},
				"east": {"uv": [2, 7, 6, 8], "texture": "#0"},
				"south": {"uv": [0, 0, 0, 0], "texture": "#0"},
				"west": {"uv": [0, 0, 0, 0], "texture": "#0"},
				"up": {"uv": [11, 4, 16, 8], "texture": "#0"},
				"down": {"uv": [3, 11, 8, 15], "texture": "#0"}
			}
		},
		{
			"name": "east_in",
			"from": [14, 0, 2],
			"to": [15, 15, 14],
			"faces": {
				"north": {"uv": [0, 0, 0, 0], "texture": "#0"},
				"east": {"uv": [2, 1, 14, 10], "texture": "#2"},
				"south": {"uv": [0, 0, 0, 0], "texture": "#0"},
				"west": {"uv": [2, 1, 14, 14], "texture": "#0"},
				"up": {"uv": [14, 2, 15, 14], "texture": "#0"},
				"down": {"uv": [14, 2, 16, 14], "texture": "#0"}
			}
		},
		{
			"name": "east_left",
			"from": [15, 5, 10],
			"to": [16, 8, 14],
			"faces": {
				"north": {"uv": [6, 1, 7, 4], "texture": "#0"},
				"east": {"uv": [2, 8, 6, 11], "texture": "#0"},
				"south": {"uv": [0, 0, 0, 0], "texture": "#0"},
				"west": {"uv": [2, 1, 14, 14], "texture": "#0"},
				"up": {"uv": [14, 2, 16, 14], "texture": "#0"},
				"down": {"uv": [14, 2, 16, 14], "texture": "#0"}
			}
		},
		{
			"name": "east_right",
			"from": [15, 5, 2],
			"to": [16, 8, 6],
			"faces": {
				"north": {"uv": [0, 0, 0, 0], "texture": "#0"},
				"east": {"uv": [10, 8, 14, 11], "texture": "#0"},
				"south": {"uv": [2, 10, 3, 13], "texture": "#0"},
				"west": {"uv": [2, 1, 14, 14], "texture": "#0"},
				"up": {"uv": [14, 2, 16, 14], "texture": "#0"},
				"down": {"uv": [14, 2, 16, 14], "texture": "#0"}
			}
		},
		{
			"name": "east_up",
			"from": [15, 8, 2],
			"to": [16, 15, 14],
			"faces": {
				"north": {"uv": [0, 0, 0, 0], "texture": "#0"},
				"east": {"uv": [2, 1, 14, 8], "texture": "#0"},
				"south": {"uv": [0, 0, 0, 0], "texture": "#0"},
				"west": {"uv": [2, 1, 14, 14], "texture": "#0"},
				"up": {"uv": [15, 2, 16, 14], "texture": "#0"},
				"down": {"uv": [11, 1, 12, 13], "texture": "#0"}
			}
		}
	],
	"groups": [
		0,
		1,
		8,
		11,
		9,
		10,
		2,
		3,
		4,
		{
			"name": "group",
			"origin": [8, 8, 8],
			"isOpen": true,
			"display": {
				"visibility": true,
				"export": true,
				"autouv": true
			},
			"children": [6, 7, 5]
		}
	],
	"display": {
		"thirdperson_righthand": {
			"translation": [0, 2.5, 0],
			"scale": [0.375, 0.375, 0.375],
			"rotation": [75, 45, 0]
		},
		"thirdperson_lefthand": {
			"rotation": [75, 45, 0],
			"translation": [0, 2.5, 0],
			"scale": [0.375, 0.375, 0.375]
		},
		"firstperson_righthand": {
			"rotation": [0, 45, 0],
			"scale": [0.4, 0.4, 0.4],
			"translation": [0, 0, 0]
		},
		"firstperson_lefthand": {
			"rotation": [0, 225, 0],
			"translation": [0, 0, 0],
			"scale": [0.4, 0.4, 0.4]
		},
		"head": {
			"scale": [1.6, 1.6, 1.6],
			"translation": [0, -43.2, 0]
		},
		"ground": {
			"scale": [0.25, 0.25, 0.25],
			"rotation": [0, 0, 0],
			"translation": [0, 3, 0]
		},
		"fixed": {
			"scale": [0.5, 0.5, 0.5],
			"rotation": [0, 0, 0],
			"translation": [0, 0, 0]
		},
		"gui": {
			"translation": [0, 0, 0],
			"rotation": [30, 225, 0],
			"scale": [0.625, 0.625, 0.625]
		}
	}
}