{
	"credit": "Made with Blockbench, a free, modern block model editor by JannisX11",
	"textures": {
		"0": "blocks/furnace_top",
		"1": "blocks/dropper_front_vertical",
		"particle": "blocks/furnace_top"
	},
	"elements": [
		{
			"name": "cube",
			"from": [0, 0, 0],
			"to": [16, 2, 16],
			"faces": {
				"north": {
					"uv": [
						0,
						13.999999237060546,
						15.999998779296874,
						15.999998779296874
					],
					"texture": "#1"
				},
				"east": {
					"uv": [
						0,
						13.999999237060546,
						15.999998779296874,
						15.999998779296874
					],
					"texture": "#1"
				},
				"south": {
					"uv": [
						0,
						13.999999237060546,
						15.999998779296874,
						15.999998779296874
					],
					"texture": "#1"
				},
				"west": {
					"uv": [
						0,
						13.999999237060546,
						15.999998779296874,
						15.999998779296874
					],
					"texture": "#1"
				},
				"up": {"uv": [0, 0, 16, 16], "texture": "#0"},
				"down": {"uv": [0, 0, 16, 16], "texture": "#0"}
			}
		},
		{
			"name": "cube",
			"from": [0, 10, 0],
			"to": [16, 16, 16],
			"faces": {
				"north": {"uv": [0, 0, 16, 6], "texture": "#1"},
				"east": {"uv": [0, 0, 16, 6], "texture": "#1"},
				"south": {"uv": [0, 0, 16, 6], "texture": "#1"},
				"west": {"uv": [0, 0, 16, 6], "texture": "#1"},
				"up": {"uv": [0, 0, 16, 16], "texture": "#0"},
				"down": {"uv": [0, 0, 16, 16], "texture": "#0"}
			}
		},
		{
			"name": "cube",
			"from": [2, 2, 2],
			"to": [14, 10, 14],
			"faces": {
				"north": {
					"uv": [
						2,
						4,
						13.999999542236328,
						11.999999542236328
					],
					"texture": "#0"
				},
				"east": {
					"uv": [
						2,
						4,
						13.999999542236328,
						11.999999542236328
					],
					"texture": "#1"
				},
				"south": {
					"uv": [
						2,
						4,
						13.999999542236328,
						11.999999542236328
					],
					"texture": "#0"
				},
				"west": {
					"uv": [
						2,
						4,
						13.999999542236328,
						11.999999542236328
					],
					"texture": "#1"
				}
			}
		}
	],
	"display": {
		"thirdperson_righthand": {
			"scale": [0.375, 0.375, 0.375],
			"rotation": [75, 45, 0],
			"translation": [0, 2.5, 0]
		},
		"thirdperson_lefthand": {
			"scale": [0.375, 0.375, 0.375],
			"rotation": [75, 45, 0],
			"translation": [0, 2.5, 0]
		},
		"firstperson_righthand": {
			"scale": [0.4, 0.4, 0.4],
			"rotation": [0, 45, 0],
			"translation": [0, 0, 0]
		},
		"firstperson_lefthand": {
			"scale": [0.4, 0.4, 0.4],
			"rotation": [0, 225, 0],
			"translation": [0, 0, 0]
		},
		"head": {
			"translation": [0, -43.2, 0],
			"scale": [1.61, 1.61, 1.61]
		},
		"ground": {
			"scale": [0.25, 0.25, 0.25],
			"rotation": [0, 0, 0],
			"translation": [0, 3, 0]
		},
		"fixed": {
			"scale": [0.5, 0.5, 0.5],
			"rotation": [0, 0, 0],
			"translation": [0, 0, 0]
		},
		"gui": {
			"scale": [0.625, 0.625, 0.625],
			"rotation": [30, 225, 0],
			"translation": [0, 0, 0]
		}
	}
}