{
	"parent": "item/handheld",
	"textures": {
		"layer0": "items/stone_hoe"
	},
	"overrides": [
		{ "predicate": {"damaged": 0, "damage": 0}, "model": "item/stone_hoe"},
		{ "predicate": {"damaged": 0, "damage": 0.007575757575757576}, "model": "item/skymode4/compost_surface"},
		{ "predicate": {"damaged": 0, "damage": 0.015151515151515152}, "model": "item/skymode4/dirt_surface"},
		{ "predicate": {"damaged": 0, "damage": 0.022727272727272728}, "model": "item/skymode4/water_surface"},
		{ "predicate": {"damaged": 0, "damage": 0.030303030303030304}, "model": "item/skymode4/lava_surface"},
		{ "predicate": {"damaged": 0, "damage": 0.03787878787878788}, "model": "item/skymode4/obsidian_surface"},
		{ "predicate": {"damaged": 0, "damage": 0.045454545454545456}, "model": "item/skymode4/cobblestone_surface"},
		{ "predicate": {"damaged": 0, "damage": 0.05303030303030303}, "model": "item/skymode4/hot_cobble_surface"},
		{ "predicate": {"damaged": 0, "damage": 0.06060606060606061}, "model": "item/skymode4/raw_iron_surface"},
		{ "predicate": {"damaged": 0, "damage": 0.06818181818181818}, "model": "item/skymode4/hot_iron_surface"},
		{ "predicate": {"damaged": 0, "damage": 0.07575757575757576}, "model": "item/skymode4/molten_iron_surface"},
		{ "predicate": {"damaged": 0, "damage": 0.08333333333333334}, "model": "item/skymode4/iron_surface"},
		{ "predicate": {"damaged": 0, "damage": 0.09090909090909091}, "model": "item/skymode4/raw_gold_surface"},
		{ "predicate": {"damaged": 0, "damage": 0.09848484848484848}, "model": "item/skymode4/hot_gold_surface"},
		{ "predicate": {"damaged": 0, "damage": 0.10606060606060606}, "model": "item/skymode4/molten_gold_surface"},
		{ "predicate": {"damaged": 0, "damage": 0.11363636363636365}, "model": "item/skymode4/gold_surface"},
		{ "predicate": {"damaged": 0, "damage": 0.12121212121212122}, "model": "item/skymode4/raw_copper_surface"},
		{ "predicate": {"damaged": 0, "damage": 0.12878787878787878}, "model": "item/skymode4/hot_copper_surface"},
		{ "predicate": {"damaged": 0, "damage": 0.13636363636363635}, "model": "item/skymode4/molten_copper_surface"},
		{ "predicate": {"damaged": 0, "damage": 0.14393939393939395}, "model": "item/skymode4/copper_surface"},
		{ "predicate": {"damaged": 0, "damage": 0.15151515151515152}, "model": "item/skymode4/raw_tin_surface"},
		{ "predicate": {"damaged": 0, "damage": 0.15909090909090910}, "model": "item/skymode4/hot_tin_surface"},
		{ "predicate": {"damaged": 0, "damage": 0.16666666666666669}, "model": "item/skymode4/molten_tin_surface"},
		{ "predicate": {"damaged": 0, "damage": 0.17424242424242425}, "model": "item/skymode4/tin_surface"},
		{ "predicate": {"damaged": 0, "damage": 0.18181818181818182}, "model": "item/stone_hoe"},
		{ "predicate": {"damaged": 0, "damage": 0.1893939393939394}, "model": "item/stone_hoe"},
		{ "predicate": {"damaged": 0, "damage": 0.19696969696969696}, "model": "item/skymode4/molten_bronze_surface"},
		{ "predicate": {"damaged": 0, "damage": 0.20454545454545456}, "model": "item/skymode4/bronze_surface"},
		{ "predicate": {"damaged": 0, "damage": 0.21212121212121213}, "model": "item/skymode4/raw_zinc_surface"},
		{ "predicate": {"damaged": 0, "damage": 0.2196969696969697}, "model": "item/skymode4/hot_zinc_surface"},
		{ "predicate": {"damaged": 0, "damage": 0.2272727272727273}, "model": "item/skymode4/molten_zinc_surface"},
		{ "predicate": {"damaged": 0, "damage": 0.23484848484848486}, "model": "item/skymode4/zinc_surface"},
		{ "predicate": {"damaged": 0, "damage": 0.24242424242424243}, "model": "item/stone_hoe"},
		{ "predicate": {"damaged": 0, "damage": 0.25}, "model": "item/stone_hoe"},
		{ "predicate": {"damaged": 0, "damage": 0.25757575757575757}, "model": "item/skymode4/molten_brass_surface"},
		{ "predicate": {"damaged": 0, "damage": 0.26515151515151514}, "model": "item/skymode4/brass_surface"},
		{ "predicate": {"damaged": 0, "damage": 0.2727272727272727}, "model": "item/stone_hoe"},
		{ "predicate": {"damaged": 0, "damage": 0.28030303030303033}, "model": "item/stone_hoe"},
		{ "predicate": {"damaged": 0, "damage": 0.2878787878787879}, "model": "item/skymode4/molten_steel_surface"},
		{ "predicate": {"damaged": 0, "damage": 0.29545454545454547}, "model": "item/skymode4/steel_surface"},
		{ "predicate": {"damaged": 0, "damage": 0.30303030303030304}, "model": "item/stone_hoe"},
		{ "predicate": {"damaged": 0, "damage": 0.3106060606060606}, "model": "item/stone_hoe"},
		{ "predicate": {"damaged": 0, "damage": 0.3181818181818182}, "model": "item/stone_hoe"},
		{ "predicate": {"damaged": 0, "damage": 0.32575757575757575}, "model": "item/stone_hoe"},
		{ "predicate": {"damaged": 0, "damage": 0.33333333333333337}, "model": "item/stone_hoe"},
		{ "predicate": {"damaged": 0, "damage": 0.34090909090909094}, "model": "item/stone_hoe"},
		{ "predicate": {"damaged": 0, "damage": 0.3484848484848485}, "model": "item/stone_hoe"},
		{ "predicate": {"damaged": 0, "damage": 0.3560606060606061}, "model": "item/stone_hoe"},
		{ "predicate": {"damaged": 0, "damage": 0.36363636363636365}, "model": "item/stone_hoe"},
		{ "predicate": {"damaged": 0, "damage": 0.3712121212121212}, "model": "item/stone_hoe"},
		{ "predicate": {"damaged": 0, "damage": 0.3787878787878788}, "model": "item/stone_hoe"},
		{ "predicate": {"damaged": 0, "damage": 0.38636363636363635}, "model": "item/stone_hoe"},
		{ "predicate": {"damaged": 0, "damage": 0.3939393939393939}, "model": "item/stone_hoe"},
		{ "predicate": {"damaged": 0, "damage": 0.40151515151515155}, "model": "item/stone_hoe"},
		{ "predicate": {"damaged": 0, "damage": 0.4090909090909091}, "model": "item/stone_hoe"},
		{ "predicate": {"damaged": 0, "damage": 0.4166666666666667}, "model": "item/stone_hoe"},
		{ "predicate": {"damaged": 0, "damage": 0.42424242424242425}, "model": "item/stone_hoe"},
		{ "predicate": {"damaged": 0, "damage": 0.4318181818181818}, "model": "item/stone_hoe"},
		{ "predicate": {"damaged": 0, "damage": 0.4393939393939394}, "model": "item/stone_hoe"},
		{ "predicate": {"damaged": 0, "damage": 0.44696969696969696}, "model": "item/stone_hoe"},
		{ "predicate": {"damaged": 0, "damage": 0.4545454545454546}, "model": "item/stone_hoe"},
		{ "predicate": {"damaged": 0, "damage": 0.46212121212121215}, "model": "item/stone_hoe"},
		{ "predicate": {"damaged": 0, "damage": 0.4696969696969697}, "model": "item/stone_hoe"},
		{ "predicate": {"damaged": 0, "damage": 0.4772727272727273}, "model": "item/stone_hoe"},
		{ "predicate": {"damaged": 0, "damage": 0.48484848484848486}, "model": "item/skymode4/flowing_iron"},
		{ "predicate": {"damaged": 0, "damage": 0.49242424242424243}, "model": "item/skymode4/flowing_gold"},
		{ "predicate": {"damaged": 0, "damage": 0.5}, "model": "item/skymode4/flowing_copper"},
		{ "predicate": {"damaged": 0, "damage": 0.5075757575757576}, "model": "item/skymode4/flowing_tin"},
		{ "predicate": {"damaged": 0, "damage": 0.5151515151515151}, "model": "item/skymode4/flowing_bronze"},
		{ "predicate": {"damaged": 0, "damage": 0.5227272727272727}, "model": "item/skymode4/flowing_zinc"},
		{ "predicate": {"damaged": 0, "damage": 0.5303030303030303}, "model": "item/skymode4/flowing_brass"},
		{ "predicate": {"damaged": 0, "damage": 0.5378787878787878}, "model": "item/skymode4/flowing_steel"},
		{ "predicate": {"damaged": 0, "damage": 0.5454545454545454}, "model": "item/stone_hoe"},
		{ "predicate": {"damaged": 0, "damage": 0.5530303030303031}, "model": "item/stone_hoe"},
		{ "predicate": {"damaged": 0, "damage": 0.5606060606060607}, "model": "item/stone_hoe"},
		{ "predicate": {"damaged": 0, "damage": 0.5681818181818182}, "model": "item/stone_hoe"},
		{ "predicate": {"damaged": 0, "damage": 0.5757575757575758}, "model": "item/stone_hoe"},
		{ "predicate": {"damaged": 0, "damage": 0.5833333333333334}, "model": "item/stone_hoe"},
		{ "predicate": {"damaged": 0, "damage": 0.5909090909090909}, "model": "item/stone_hoe"},
		{ "predicate": {"damaged": 0, "damage": 0.5984848484848485}, "model": "item/stone_hoe"},
		{ "predicate": {"damaged": 0, "damage": 0.6060606060606061}, "model": "item/stone_hoe"},
		{ "predicate": {"damaged": 0, "damage": 0.6136363636363636}, "model": "item/stone_hoe"},
		{ "predicate": {"damaged": 0, "damage": 0.6212121212121212}, "model": "item/stone_hoe"},
		{ "predicate": {"damaged": 0, "damage": 0.6287878787878788}, "model": "item/stone_hoe"},
		{ "predicate": {"damaged": 0, "damage": 0.6363636363636364}, "model": "item/stone_hoe"},
		{ "predicate": {"damaged": 0, "damage": 0.6439393939393939}, "model": "item/stone_hoe"},
		{ "predicate": {"damaged": 0, "damage": 0.6515151515151515}, "model": "item/stone_hoe"},
		{ "predicate": {"damaged": 0, "damage": 0.6590909090909091}, "model": "item/stone_hoe"},
		{ "predicate": {"damaged": 0, "damage": 0.6666666666666667}, "model": "item/stone_hoe"},
		{ "predicate": {"damaged": 0, "damage": 0.6742424242424243}, "model": "item/stone_hoe"},
		{ "predicate": {"damaged": 0, "damage": 0.6818181818181819}, "model": "item/stone_hoe"},
		{ "predicate": {"damaged": 0, "damage": 0.6893939393939394}, "model": "item/stone_hoe"},
		{ "predicate": {"damaged": 0, "damage": 0.696969696969697}, "model": "item/stone_hoe"},
		{ "predicate": {"damaged": 0, "damage": 0.7045454545454546}, "model": "item/stone_hoe"},
		{ "predicate": {"damaged": 0, "damage": 0.7121212121212122}, "model": "item/stone_hoe"},
		{ "predicate": {"damaged": 0, "damage": 0.7196969696969697}, "model": "item/stone_hoe"},
		{ "predicate": {"damaged": 0, "damage": 0.7272727272727273}, "model": "item/stone_hoe"},
		{ "predicate": {"damaged": 0, "damage": 0.7348484848484849}, "model": "item/stone_hoe"},
		{ "predicate": {"damaged": 0, "damage": 0.7424242424242424}, "model": "item/stone_hoe"},
		{ "predicate": {"damaged": 0, "damage": 0.75}, "model": "item/stone_hoe"},
		{ "predicate": {"damaged": 0, "damage": 0.7575757575757576}, "model": "item/skymode4/fan_on"},
		{ "predicate": {"damaged": 0, "damage": 0.7651515151515151}, "model": "item/skymode4/stirling_generator_on"},
		{ "predicate": {"damaged": 0, "damage": 0.7727272727272727}, "model": "item/stone_hoe"},
		{ "predicate": {"damaged": 0, "damage": 0.7803030303030303}, "model": "item/stone_hoe"},
		{ "predicate": {"damaged": 0, "damage": 0.7878787878787878}, "model": "item/stone_hoe"},
		{ "predicate": {"damaged": 0, "damage": 0.7954545454545455}, "model": "item/stone_hoe"},
		{ "predicate": {"damaged": 0, "damage": 0.8030303030303031}, "model": "item/stone_hoe"},
		{ "predicate": {"damaged": 0, "damage": 0.8106060606060607}, "model": "item/stone_hoe"},
		{ "predicate": {"damaged": 0, "damage": 0.8181818181818182}, "model": "item/stone_hoe"},
		{ "predicate": {"damaged": 0, "damage": 0.8257575757575758}, "model": "item/stone_hoe"},
		{ "predicate": {"damaged": 0, "damage": 0.8333333333333334}, "model": "item/stone_hoe"},
		{ "predicate": {"damaged": 0, "damage": 0.8409090909090909}, "model": "item/stone_hoe"},
		{ "predicate": {"damaged": 0, "damage": 0.8484848484848485}, "model": "item/stone_hoe"},
		{ "predicate": {"damaged": 0, "damage": 0.8560606060606061}, "model": "item/stone_hoe"},
		{ "predicate": {"damaged": 0, "damage": 0.8636363636363636}, "model": "item/stone_hoe"},
		{ "predicate": {"damaged": 0, "damage": 0.8712121212121212}, "model": "item/stone_hoe"},
		{ "predicate": {"damaged": 0, "damage": 0.8787878787878788}, "model": "item/stone_hoe"},
		{ "predicate": {"damaged": 0, "damage": 0.8863636363636364}, "model": "item/stone_hoe"},
		{ "predicate": {"damaged": 0, "damage": 0.8939393939393939}, "model": "item/stone_hoe"},
		{ "predicate": {"damaged": 0, "damage": 0.9015151515151515}, "model": "item/stone_hoe"},
		{ "predicate": {"damaged": 0, "damage": 0.9090909090909092}, "model": "item/stone_hoe"},
		{ "predicate": {"damaged": 0, "damage": 0.9166666666666667}, "model": "item/stone_hoe"},
		{ "predicate": {"damaged": 0, "damage": 0.9242424242424243}, "model": "item/stone_hoe"},
		{ "predicate": {"damaged": 0, "damage": 0.9318181818181819}, "model": "item/stone_hoe"},
		{ "predicate": {"damaged": 0, "damage": 0.9393939393939394}, "model": "item/stone_hoe"},
		{ "predicate": {"damaged": 0, "damage": 0.946969696969697}, "model": "item/stone_hoe"},
		{ "predicate": {"damaged": 0, "damage": 0.9545454545454546}, "model": "item/stone_hoe"},
		{ "predicate": {"damaged": 0, "damage": 0.9621212121212122}, "model": "item/stone_hoe"},
		{ "predicate": {"damaged": 0, "damage": 0.9696969696969697}, "model": "item/stone_hoe"},
		{ "predicate": {"damaged": 0, "damage": 0.9772727272727273}, "model": "item/stone_hoe"},
		{ "predicate": {"damaged": 0, "damage": 0.9848484848484849}, "model": "item/stone_hoe"},
		{ "predicate": {"damaged": 0, "damage": 0.9924242424242424}, "model": "item/stone_hoe"},
		{ "predicate": {"damaged": 1, "damage": 0}, "model": "item/stone_hoe"}
	]
}